-- --------------------------------------------------------
-- Servidor:                     mysql-lp-imobiliaria.alwaysdata.net
-- Versão do servidor:           10.11.13-MariaDB - MariaDB Server
-- OS do Servidor:               Linux
-- HeidiSQL Versão:              11.3.0.6295
-- --------------------------------------------------------

/*!40101 SET @OLD_CHARACTER_SET_CLIENT=@@CHARACTER_SET_CLIENT */;
/*!40101 SET NAMES utf8 */;
/*!50503 SET NAMES utf8mb4 */;
/*!40014 SET @OLD_FOREIGN_KEY_CHECKS=@@FOREIGN_KEY_CHECKS, FOREIGN_KEY_CHECKS=0 */;
/*!40101 SET @OLD_SQL_MODE=@@SQL_MODE, SQL_MODE='NO_AUTO_VALUE_ON_ZERO' */;
/*!40111 SET @OLD_SQL_NOTES=@@SQL_NOTES, SQL_NOTES=0 */;


-- Copiando estrutura do banco de dados para lp_imobiliaria
CREATE DATABASE IF NOT EXISTS `lp_imobiliaria` /*!40100 DEFAULT CHARACTER SET utf8mb4 COLLATE utf8mb4_general_ci */;
USE `lp_imobiliaria`;

-- Copiando estrutura para tabela lp_imobiliaria.banner_index
CREATE TABLE IF NOT EXISTS `banner_index` (
  `id` int(11) NOT NULL AUTO_INCREMENT,
  `url_imagem` varchar(255) DEFAULT NULL,
  `descricao` varchar(255) DEFAULT NULL,
  `usuario_id` int(11) DEFAULT NULL,
  `ativo` tinyint(1) NOT NULL DEFAULT 1,
  PRIMARY KEY (`id`),
  KEY `usuario_id` (`usuario_id`),
  CONSTRAINT `banner_index_ibfk_1` FOREIGN KEY (`usuario_id`) REFERENCES `usuario` (`id`)
) ENGINE=InnoDB AUTO_INCREMENT=11 DEFAULT CHARSET=utf8mb4 COLLATE=utf8mb4_general_ci;

-- Copiando dados para a tabela lp_imobiliaria.banner_index: ~10 rows (aproximadamente)
DELETE FROM `banner_index`;
/*!40000 ALTER TABLE `banner_index` DISABLE KEYS */;
INSERT INTO `banner_index` (`id`, `url_imagem`, `descricao`, `usuario_id`, `ativo`) VALUES
	(1, '886b7dc997ba22ea656fd7ddee74d25d.png', 'Banner de promoção', 1, 1),
	(2, 'f09713a952f808e618746c2bf2865e80.png', 'Banner de terrenos', 1, 1),
	(3, '1a353146b3d3f2f8c3c52e631168eeed.png', 'Banner de apartamentos', 1, 1),
	(4, 'd15f4edb2802ea1281822c0b4f50b54a.png', 'Banner de casas', 1, 1),
	(5, '1f6554ad5353aba45c784f4d4250c708.png', 'Banner de financiamento', 1, 1),
	(6, '030c09d098ce5b6b09c2998435655157.png', 'Banner de aluguel', 1, 1),
	(7, 'c1912c07760bb20937b76e75c0a0e9a4.png', 'Banner de lançamento', 1, 1),
	(8, '1452bed35ae2c9b79caf6976be0ae134.png', 'Banner de rural', 1, 0),
	(9, 'a0d918e7fecee043aa705da0e0b87547.png', 'Banner de estudantes', 1, 0),
	(10, '52cf7d2ee1544c733c69c930f6327c69.png', 'Banner de condomínio', 1, 1);
/*!40000 ALTER TABLE `banner_index` ENABLE KEYS */;

-- Copiando estrutura para tabela lp_imobiliaria.blog
CREATE TABLE IF NOT EXISTS `blog` (
  `id` int(11) NOT NULL AUTO_INCREMENT,
  `titulo` varchar(100) DEFAULT NULL,
  `conteudo` text DEFAULT NULL,
  `data_publicacao` date DEFAULT NULL,
  `url_imagem` varchar(255) DEFAULT NULL,
  `usuario_id` int(11) DEFAULT NULL,
  PRIMARY KEY (`id`),
  KEY `usuario_id` (`usuario_id`),
  CONSTRAINT `blog_ibfk_1` FOREIGN KEY (`usuario_id`) REFERENCES `usuario` (`id`)
) ENGINE=InnoDB AUTO_INCREMENT=63 DEFAULT CHARSET=utf8mb4 COLLATE=utf8mb4_general_ci;

-- Copiando dados para a tabela lp_imobiliaria.blog: ~22 rows (aproximadamente)
DELETE FROM `blog`;
/*!40000 ALTER TABLE `blog` DISABLE KEYS */;
INSERT INTO `blog` (`id`, `titulo`, `conteudo`, `data_publicacao`, `url_imagem`, `usuario_id`) VALUES
	(41, 'Mercado Imobiliário em 2025: Análise Completa das Tendências', 'O ano de 2025 está se mostrando um período de significativas transformações no mercado imobiliário brasileiro, com mudanças estruturais que impactarão tanto compradores quanto vendedores. Com a estabilização econômica e manutenção das taxas de juros em patamares historicamente baixos, observamos um aumento expressivo na demanda por imóveis residenciais nas principais capitais, além de um crescimento notável no mercado comercial em cidades de porte médio. As regiões metropolitanas tradicionais como São Paulo, Rio de Janeiro e Belo Horizonte continuam liderando em valorização, mas é nas cidades do interior que encontramos as maiores oportunidades de crescimento, com taxas que podem chegar a 15% ao ano em locais com infraestrutura em expansão e qualidade de vida superior. Para investidores, destacamos as oportunidades em imóveis comerciais em bairros em processo de valorização, unidades residenciais para locação em áreas universitárias e empreendimentos mistos que combinam comércio e residência. A valorização média esperada para o período 2025-2026 é de 8 a 12%, variando conforme a região e o tipo de propriedade, com potencial superior em áreas que receberão investimentos em mobilidade urbana e infraestrutura. Neste artigo completo, analisamos dados específicos de cada região, trazemos projeções baseadas em indicadores econômicos e oferecemos um guia estratégico detalhado para compradores, vendedores e investidores que desejam maximizar seus resultados neste mercado em constante evolução.', '2024-12-05', '108eb3cf6c1ddca941d3b0e44447face.png', 1),
	(42, 'Guia Definitivo para Primeira Compra de Imóvel em 2025', 'Comprar o primeiro imóvel é um marco importante na vida de qualquer pessoa, mas o processo pode ser complexo e cheio de detalhes que, se não forem bem compreendidos, podem gerar problemas futuros. Em 2025, com as novas regulamentações do setor e as mudanças nas linhas de crédito, é fundamental estar bem informado antes de tomar essa decisão. Este guia completo aborda desde o planejamento financeiro inicial, incluindo como calcular sua capacidade de pagamento real considerando todas as despesas envolvidas (além da prestação do financiamento, é preciso incluir condomínio, IPTU, seguros e manutenção), até a escolha do imóvel ideal para seu perfil e necessidades. Explicamos detalhadamente todos os programas de financiamento disponíveis, incluindo as novidades do Minha Casa Minha Vida para 2025, as linhas convencionais dos bancos e as opções para quem busca imóveis de alto padrão. Também abordamos a importância da localização, como avaliar a infraestrutura do bairro, a qualidade das construções e como negociar o melhor preço. Incluímos um passo a passo completo da documentação necessária, os prazos envolvidos em cada etapa e como evitar as armadilhas mais comuns do mercado. Com depoimentos de especialistas e casos reais de compradores que passaram por esse processo recentemente, este guia é essencial para quem deseja fazer um bom investimento e adquirir seu primeiro imóvel com segurança e confiança.', '2024-12-15', '5cd2a0ffb1388e72079cc0456b3919ae.png', 1),
	(43, 'Estratégias de Reforma para Valorizar seu Imóvel em até 30%', 'Uma reforma bem planejada pode transformar completamente um imóvel, aumentando seu valor de mercado em até 30% e tornando-o muito mais atrativo para compradores ou inquilinos. No cenário de 2025, com as novas tendências de arquitetura e design, é possível obter retornos ainda melhores investindo nas áreas certas. Este artigo detalha as estratégias mais eficientes para diferentes tipos de imóveis e orçamentos, começando pelas reformas de alto impacto e melhor custo-benefício, como a modernização de cozinhas e banheiros, que sozinhas podem valorizar significativamente qualquer propriedade. Abordamos as tendências de materiais e acabamentos para 2025, incluindo opções sustentáveis que agregam valor e reduzem custos a longo prazo, como sistemas de energia solar, reaproveitamento de água e iluminação LED inteligente. Também explicamos como otimizar espaços, criar ambientes multifuncionais e melhorar a circulação para tornar os imóveis mais atraentes. Incluímos um capítulo especial sobre a legalização de reformas, documentação necessária e como evitar problemas com a prefeitura e o condomínio. Com orçamentos detalhados para diferentes tipos de intervenção, exemplos antes e depois de projetos reais e dicas de profissionais experientes, este guia ajudará você a planejar e executar reformas que realmente tragam retorno financeiro e melhorem sua qualidade de vida.', '2024-12-28', '8fd776dff90f50565cfaa64e6efd4b31.png', 1),
	(44, 'Investimentos Imobiliários em 2025: Onde Alocar seus Recursos', 'O mercado imobiliário continua sendo uma das formas mais seguras e lucrativas de investimento a longo prazo, mas em 2025 as oportunidades se concentram em nichos específicos que exigem análise cuidadosa e estratégias bem definidas. Este artigo oferece um panorama completo das melhores opções de investimento para o próximo ano, desde os tradicionais imóveis residenciais para aluguel até oportunidades em setores em expansão como imóveis logísticos, comerciais em bairros emergentes e propriedades para temporada. Analisamos em detalhes as taxas de retorno esperadas para cada tipo de investimento, os prazos de recuperação do capital, os riscos envolvidos e as estratégias para mitigá-los. Para investidores iniciantes, explicamos como começar com valores menores através de fundos imobiliários (FIIs) e crowdfunding, com exemplos práticos de diversificação de carteira. Também abordamos as questões fiscais, mostrando como optimizar a tributação e legalizar seus investimentos. Com depoimentos de investidores bem-sucedidos, análise de casos reais e projeções baseadas em dados econômicos atualizados, este guia é essencial para quem quer construir um patrimônio sólido através do mercado imobiliário em 2025.', '2025-01-10', '026fd24f66c20a1550b00cf7dcef85e8.png', 1),
	(45, 'Documentação Imobiliária: Guia Completo para Transações Seguras', 'A documentação é uma das etapas mais importantes e complexas em qualquer transação imobiliária, e em 2025 com as novas regulamentações e a digitalização dos processos, é fundamental entender todos os requisitos para evitar problemas futuros. Este guia detalhado cobre todos os aspectos documentais envolvidos na compra, venda, aluguel e financiamento de imóveis, explicando cada documento necessário, sua finalidade, onde obtê-lo e como interpretá-lo corretamente. Abordamos desde a matrícula do imóvel e suas atualizações, até as certidões negativas de débitos, o contrato de compra e venda, e a escritura pública. Para transações de aluguel, detalhamos a nova lei do inquilinato, os modelos de contrato e as garantias aceitas. Incluímos um capítulo especial sobre due diligence, mostrando como verificar a regularidade do imóvel, identificar ônus e restrições, e garantir que a transação seja segura. Com exemplos de documentos preenchidos, checklists para cada tipo de operação e orientações sobre prazos e custos, este material é indispensável para corretores, compradores, vendedores e investidores que desejam realizar transações imobiliárias com total segurança jurídica.', '2025-01-25', 'abde435f76b274e9377702ef8ec3e909.png', 1),
	(46, 'Bairros em Alta: Onde Investir em 2025 para Maior Valorização', 'A escolha da localização é um dos fatores mais importantes para o sucesso de um investimento imobiliário, e em 2025 alguns bairros e regiões se destacam com potencial de valorização significativamente acima da média. Este estudo completo identifica e analisa as áreas com maior potencial de crescimento nas principais capitais e cidades do interior, considerando indicadores como investimentos em infraestrutura, expansão do comércio e serviços, qualidade de vida e acessibilidade. Para cada bairro, fornecemos dados detalhados sobre preços médios por metro quadrado, taxa de vacância, tempo médio de venda e aluguel, perfil dos moradores e expectativas de valorização para os próximos anos. Incluímos também informações sobre projetos urbanísticos previstos, como novas linhas de metrô, expansão de corredores de ônibus, implantação de parques e áreas de lazer, que impactarão diretamente na valorização dessas regiões. Com mapas interativos, entrevistas com moradores e especialistas, e casos de investidores que obtiveram retornos expressivos em cada uma dessas áreas, este guia ajuda você a identificar as melhores oportunidades e tomar decisões de investimento baseadas em dados concretos e análise técnica aprofundada.', '2025-02-08', '177b7d11fca8922a4cf5383182cafb1e.png', 1),
	(47, 'Financiamento Imobiliário 2025: Como Escolher a Melhor Opção', 'Com as diversas opções de financiamento disponíveis no mercado em 2025, escolher a linha de crédito mais adequada ao seu perfil pode ser um desafio complexo. Este artigo oferece uma análise detalhada de todas as alternativas disponíveis, desde os programas governamentais como Minha Casa Minha Vida até as linhas convencionais dos bancos privados, passando por opções específicas para imóveis comerciais, rurais e de alto padrão. Para cada opção, calculamos o Custo Efetivo Total (CET), considerando todos os encargos, taxas, seguros e impostos, permitindo uma comparação real entre as diferentes alternativas. Explicamos os sistemas de amortização (SAC, Price e SACRE), mostrando em quais situações cada um é mais vantajoso e como eles impactam no valor das prestações e no total pago pelo imóvel. Abordamos também as novas regras para liberação do FGTS para financiamento, as linhas especiais para profissionais liberais e autônomos, e as opções para quem busca financiamento com entrada reduzida. Com planilhas comparativas, simuladores interativos e orientações sobre como melhorar seu score de crédito para obter taxas mais favoráveis, este guia é essencial para quem planeja adquirir um imóvel financiado em 2025.', '2025-02-20', 'a4af1175911787a2621a9beb58d31eaf.png', 1),
	(48, 'Imóveis Sustentáveis: O Futuro do Mercado em 2025', 'A sustentabilidade tornou-se um elemento central no mercado imobiliário de 2025, com imóveis ecoeficientes alcançando valores significativamente superiores aos das propriedades convencionais e atraindo um público cada vez mais consciente e exigente. Este artigo explora em profundidade as tendências, tecnologias e certificações que estão moldando o futuro do setor, desde os sistemas de energia renovável e eficiência hídrica até os materiais de construção sustentáveis e designs bioclimáticos. Detalhamos os diferentes selos de certificação disponíveis no Brasil, seus requisitos, custos de implementação e impactos na valorização dos imóveis. Apresentamos casos reais de propriedades que obtiveram retorno sobre o investimento em sustentabilidade em prazos cada vez menores, graças à redução nos custos operacionais e ao aumento do valor de revenda. Abordamos também as linhas de financiamento verde, com taxas diferenciadas para projetos sustentáveis, e os incentivos fiscais disponíveis em diversos municípios. Com depoimentos de arquitetos, engenheiros e proprietários de imóveis sustentáveis, este material oferece um panorama completo para quem deseja investir, construir ou reformar com foco em sustentabilidade em 2025.', '2025-03-05', 'bb743e8ccf355c6c9878a2144a55b83f.png', 1),
	(49, 'Plantão de Imóveis 2025: Estratégias para Aproveitar as Melhores Oportunidades', 'Os plantões imobiliários concentram algumas das melhores oportunidades do ano para compradores e investidores, com condições especiais de pagamento, preços reduzidos e lançamentos exclusivos. Em 2025, com a retomada dos eventos presenciais e a digitalização dos processos, esses eventos se tornaram ainda mais importantes e competitivos. Este guia completo prepara você para aproveitar ao máximo os principais plantões do ano, com estratégias de preparação antecipada, análise de oportunidades e negociação. Abordamos o calendário dos maiores plantões nacionais e regionais, as promoções typically offered por construtoras e incorporadoras, e como identificar as verdadeiras oportunidades entre as ofertas meramente promocionais. Incluímos dicas práticas para visitação de múltiplos imóveis em curto espaço de tempo, análise rápida de documentação e tomada de decisão assertiva. Também explicamos como funcionam os financiamentos especiais oferecidos durante esses períodos e como estruturar sua proposta para ter vantagem sobre outros compradores. Com checklists de documentação, planilhas de comparação de oportunidades e depoimentos de quem já adquiriu imóveis com descontos significativos em plantões, este material é indispensável para quem quer comprar com inteligência em 2025.', '2025-03-18', '35035868ea91b95f7a8c002ff0de9deb.png', 1),
	(50, 'Regularização de Imóveis: Guia Completo para 2025', 'A regularização de imóveis é um processo complexo mas essential para valorizar sua propriedade, evitar multas e problemas jurídicos, e possibilitar transações futuras. Em 2025, com as novas legislações urbanísticas e ambientais, esse processo tornou-se mais ágil em alguns aspectos, mas também mais rigoroso em outros. Este guia detalhado explica passo a passo todos os procedimentos necessários para regularizar diferentes tipos de imóveis, desde residências urbanas com reformas não autorizadas até propriedades rurais com questões ambientais. Abordamos as documentações necessárias junto aos cartórios de registro de imóveis, prefeituras, órgãos ambientais e outras instâncias governamentais. Explicamos as novas possibilidades de regularização simplificada para áreas urbanas consolidadas, as linhas de financiamento para regularização e os prazos envolvidos em cada etapa. Incluímos estudos de caso com exemplos reais de regularização, mostrando os custos envolvidos, tempo necessário e benefícios obtidos pelos proprietários. Com modelos de documentos, formulários e orientações sobre como evitar as armadilhas mais comuns, este material é fundamental para quem precisa regularizar sua propriedade em 2025.', '2025-04-02', 'b7d4e37f53f37f0ced042476ba8db91e.png', 1),
	(51, 'Mercado de Imóveis Comerciais: Oportunidades em 2025', 'O mercado de imóveis comerciais está passando por uma transformação significativa em 2025, com novas demandas impulsionadas pelo trabalho híbrido, expansão do e-commerce e reconfiguração dos espaços de varejo. Este artigo oferece uma análise detalhada das oportunidades em diferentes segmentos comerciais, desde salas corporativas e lojas de rua até galpões logísticos e imóveis para saúde e educação. Para cada segmento, apresentamos dados sobre taxas de vacância, valores de aluguel por metro quadrado, expectativas de valorização e perfis de locatários. Abordamos as novas tendências em design comercial, com foco em flexibilidade, sustentabilidade e tecnologia, e como isso impacta na atratividade e valor dos imóveis. Destacamos as regiões com maior potencial de crescimento, impulsionadas por investimentos em infraestrutura, mudanças demográficas e novos polos econômicos. Incluímos também um capítulo especial sobre due diligence em imóveis comerciais, mostrando como avaliar a saúde financeira dos inquilinos, a qualidade das construções e a conformidade com as normas vigentes. Com depoimentos de investidores e especialistas do setor, este guia é essencial para quem quer investir no mercado comercial em 2025.', '2025-04-15', '4b605895f2a7cf37f6010e14684d162d.png', 1),
	(52, 'Tendências de Decoração e Design para Imóveis em 2025', 'A decoração e o design de interiores evoluíram significativamente em 2025, refletindo mudanças nos estilos de vida, avanços tecnológicos e maior conscientização ambiental. Este artigo explora as principais tendências que estão influenciando o mercado imobiliário, desde as paletas de cores e materiais até layouts e soluções multifuncionais. Detalhamos como diferentes estilos - do minimalismo ao maximalismo, do industrial ao biophílico - estão sendo adaptados para criar ambientes que combinam estética, funcionalidade e conforto. Abordamos a integração de tecnologia com design, com destaque para soluções de automação residencial discretas e intuitivas, iluminação inteligente e mobiliário tecnológico. Exploramos também o uso de materiais sustentáveis e artesanais, que agregam personalidade e valor aos imóveis, e as estratégias para incorporar vegetação e elementos naturais nos espaços internos e externos. Incluímos dicas práticas para diferentes orçamentos, mostrando como transformar ambientes com intervenções simples e de alto impacto. Com entrevistas com designers renomados, exemplos de projetos reais e um guia de fornecedores, este material é indispensável para quem quer valorizar seu imóvel através do design em 2025.', '2025-04-28', '09901bf0d482c2fa3fb89e322ac78431.png', 1),
	(53, 'Perícia e Avaliação Imobiliária: Tudo o que Você Precisa Saber', 'A avaliação imobiliária é um processo técnico essential para diversas operações, desde compra e venda até garantia de empréstimos e indenizações segurárias. Em 2025, com a maior profissionalização do mercado e novas metodologias de avaliação, entender esse processo tornou-se ainda mais importante. Este guia completo explica todos os aspectos envolvidos na perícia e avaliação de imóveis, desde as metodologias utilizadas (comparativa, de custo e de renda) até a interpretação dos laudos e relatórios. Detalhamos os fatores que mais influenciam no valor dos imóveis, incluindo localização, estado de conservação, acabamentos, infraestrutura do entorno e tendências de mercado. Abordamos as novidades na normativa de avaliações imobiliárias, as certificações necessárias para os avaliadores e como escolher um profissional qualificado. Incluímos também um capítulo sobre avaliação para fins específicos, como divórcio, inventário e compensação ambiental. Com exemplos de laudos, estudos de caso e orientações sobre como contestar avaliações quando necessário, este material é fundamental para proprietários, compradores, investidores e profissionais do mercado imobiliário.', '2025-05-12', '3552d7e5259a9af7e9eece65c9f80268.png', 1),
	(54, 'Mudança Residencial: Guia Completo para 2025', 'Realizar uma mudança residencial é um processo complexo que envolve múltiplas etapas, desde o planejamento inicial até a adaptação ao novo lar. Em 2025, com as novas opções de serviços e tecnologias disponíveis, é possível tornar esse processo muito mais organizado e menos estressante. Este guia abrangente cobre todos os aspectos de uma mudança, começando pelo planejamento com antecedência ideal (recomendamos pelo menos 8 semanas para mudanças completas), incluindo cronogramas detalhados, listas de tarefas e orçamentação. Abordamos como escolher a empresa transportadora ideal, entender os diferentes tipos de contrato e seguros, e organizar a embalagem dos pertences de forma eficiente. Detalhamos as etapas de desmontagem, transporte e remontagem de móveis e eletrodomésticos, com dicas específicas para itens frágeis, obras de arte e objetos de valor. Incluímos também um capítulo especial sobre adaptação ao novo imóvel e comunidade, com estratégias para facilitar a integração de crianças, idosos e pets. Com checklists personalizáveis, orçamentos médios para diferentes tipos de mudança e depoimentos de famílias que passaram recentemente por esse processo, este material é indispensável para quem planeja se mudar em 2025.', '2025-05-25', '7841a27724040be1497196435090b7d7.png', 1),
	(55, 'Aluguel por Temporada: Como Investir e Lucrar em 2025', 'O mercado de aluguel por temporada continua em expansão em 2025, impulsionado pela flexibilização dos modelos de trabalho e pela busca por experiências de hospedagem mais autênticas e personalizadas. Este artigo oferece um guia completo para quem deseja investir nesse segmento, desde a escolha do imóvel e localização ideais até a gestão profissional da propriedade. Analisamos as regiões com maior potencial de retorno, considerando sazonalidade, concorrência e perfil de hóspedes. Detalhamos todos os aspectos legais e tributários envolvidos, incluindo as novas regulamentações específicas para aluguel por temporada que entraram em vigor em 2025. Abordamos as estratégias de precificação dinâmica, marketing digital e gestão de reservas, com dicas para maximizar a ocupação e a receita. Incluímos também um capítulo sobre preparação do imóvel, com orientações sobre mobiliário, equipamentos, decoração e amenities que aumentam a atratividade e permitem cobrar diárias mais altas. Com cases de sucesso, planilhas de custos e retorno, e entrevistas com anfitriões experientes, este material é essential para quem quer entrar ou se consolidar no mercado de aluguel por temporada em 2025.', '2025-06-08', '8e090211c0d22a28abe76a1d22208e0d.png', 1),
	(56, 'Retorno às Aulas: Impacto no Mercado Imobiliário de 2025', 'O período de retorno às aulas tradicionalmente impacta significativamente o mercado imobiliário, especialmente em cidades universitárias e áreas próximas a instituições de ensino. Em 2025, com as mudanças no modelo educacional e a valorização de determinadas regiões, esse impacto tornou-se ainda mais pronunciado e complexo. Este artigo analisa em profundidade como o ciclo acadêmico influencia a demanda por imóveis para aluguel, os preços praticados e as oportunidades de investimento. Abordamos as particularidades do mercado estudantil, incluindo preferências por tipo de propriedade (repúblicas, kitnets, apartamentos compartilhados), localização ideal e comodidades mais valorizadas. Detalhamos as estratégias para proprietários que desejam alugar para estudantes, desde a adaptação dos imóveis até a gestão de contratos de temporada acadêmica. Incluímos também um capítulo especial para pais que buscam imóveis para filhos estudantes, com orientações sobre segurança, proximidade das universidades e custo de vida nas diferentes cidades. Com dados de ocupação, valores de aluguel e depoimentos de investidores especializados nesse segmento, este guia é fundamental para quem quer aproveitar as oportunidades do mercado imobiliário vinculado ao retorno às aulas em 2025.', '2025-06-22', '66dce4d5852966b4bb55bde26444c58e.png', 1),
	(57, 'Segurança Residencial: Tecnologias e Soluções para 2025', 'A segurança tornou-se uma prioridade absoluta para proprietários e inquilinos em 2025, com avanços tecnológicos significativos que oferecem proteção integrada e acessível. Este artigo explora as melhores soluções de segurança residencial disponíveis no mercado, desde sistemas tradicionais de alarme até tecnologias de ponta como reconhecimento facial, inteligência artificial e integração com smart home. Detalhamos os diferentes tipos de sistemas disponíveis, seus custos de instalação e manutenção, e eficácia comprovada na dissuasão de crimes. Abordamos as soluções para diferentes tipos de propriedades (apartamentos, casas, condomínios fechados) e perfis de usuários, com orientações sobre como escolher o sistema ideal para cada necessidade. Incluímos também um capítulo sobre prevenção e conscientização, com dicas de hábitos e procedimentos que aumentam a segurança independentemente dos sistemas instalados. Com entrevistas com especialistas em segurança, casos reais de propriedades que evitaram incidentes e um guia de fornecedores confiáveis, este material é essential para quem quer proteger seu patrimônio e garantir a tranquilidade de sua família em 2025.', '2025-07-05', '3d62590a056cdfada09505f793797219.png', 1),
	(58, 'Imóveis Rurais: Oportunidades e Desafios em 2025', 'O mercado de imóveis rurais apresenta oportunidades únicas em 2025, com valorização acima da média em determinadas regiões e tipos de propriedade, mas também desafios específicos que requerem conhecimento especializado. Este artigo oferece uma análise abrangente desse mercado, desde as pequenas chácaras de recreio até as grandes propriedades produtivas. Abordamos as diferentes categorias de imóveis rurais, suas particularidades documentais, questões ambientais e potencial de rendimento. Detalhamos as regiões com maior valorização, impulsionadas por fatores como expansão do agronegócio, turismo rural e proximidade com centros urbanos. Exploramos as tendências em agricultura familiar, orgânica e de precisão, e como elas impactam o valor e a rentabilidade das propriedades. Incluímos também um capítulo completo sobre financiamento rural, com as linhas disponíveis em 2025, requisitos para aprovação e estratégias para estruturação de projetos. Com depoimentos de proprietários rurais, cases de sucesso em diferentes segmentos e orientações sobre due diligence específica para imóveis rurais, este guia é fundamental para quem quer investir no campo em 2025.', '2025-07-18', 'ac51daa9554be54ab0511b37f1a42276.png', 1),
	(59, 'Home Office: Como Adaptar seu Imóvel para Trabalho em 2025', 'O trabalho remoto tornou-se uma realidade permanente para milhões de profissionais em 2025, transformando a forma como concebemos e utilizamos nossos espaços residenciais. Este artigo oferece um guia completo para adaptar imóveis às necessidades do home office, considerando diferentes tipos de propriedade, orçamentos e perfis profissionais. Abordamos desde soluções simples para apartamentos compactos - como estações de trabalho integradas à living area e divisórias inteligentes - até projetos completos de escritórios domésticos em casas e coberturas. Detalhamos as ergonomia, iluminação, acústica e climatização ideais para ambientes de trabalho produtivos e saudáveis. Exploramos a integração de tecnologia, com destaque para conectividade, equipamentos e automação residencial aplicada ao home office. Incluímos também um capítulo sobre aspectos legais e tributários, mostrando como deduzir despesas com home office e regularizar situações perante empregadores e receita federal. Com plantas baixas, orçamentos para diferentes tipos de adaptação e depoimentos de profissionais que transformaram seus lares em espaços de trabalho eficientes, este material é indispensável para quem trabalha remotamente em 2025.', '2025-08-01', '4eff6f27a419399b0271a608a34cb71f.png', 1),
	(60, 'Condomínios Fechados: Vantagens e Considerações para 2025', 'Os condomínios fechados continuam atraindo um público significativo em 2025, oferecendo combinações variadas de segurança, comodidade, lazer e comunidade. Este artigo analisa em profundidade as vantagens e desvantagens desse tipo de propriedade, ajudando potenciais compradores e investidores a tomar decisões informadas. Abordamos os diferentes tipos de condomínios disponíveis no mercado, desde os horizontais com amplas áreas verdes até os verticais com infraestrutura completa de serviços. Detalhamos os custos envolvidos além do preço do imóvel, incluindo taxas condominiais, fundos de reserva, assessorias e manutenção de áreas comuns. Exploramos as questões legais e regulamentares, como a importância do regimento interno, o funcionamento das assembleias e os direitos e deveres dos condôminos. Incluímos também um capítulo especial sobre tendências em condomínios inteligentes e sustentáveis, que estão se tornando padrão em lançamentos recentes. Com entrevistas com moradores de diferentes perfis, síndicos profissionais e administradoras de condomínios, este guia oferece uma visão realista e abrangente da vida em condomínio fechado em 2025.', '2025-08-14', '68e2e3b3a521b791bb20ce14a87f5812.png', 1),
	(61, 'Imóveis para Aposentadoria: Planejamento e Escolha em 2025', 'Escolher o imóvel ideal para a aposentadoria requer considerações específicas que vão muito além do preço e localização, envolvendo aspectos como acessibilidade, serviços de saúde, comunidade e manutenção a longo prazo. Em 2025, com o envelhecimento da população e as novas opções disponíveis no mercado, esse planejamento tornou-se ainda mais importante e complexo. Este guia completo aborda todas as etapas do processo, desde o planejamento financeiro antecipado até a adaptação do imóvel escolhido. Analisamos as diferentes opções disponíveis, desde propriedades convencionais adaptadas até residenciais especializados e comunidades planejadas para idosos. Detalhamos os aspectos legais e sucessórios envolvidos na aquisição de imóveis para aposentadoria, incluindo questões de usufruto e herança. Abordamos também as tendências em design universal e adaptações para mobilidade reduzida, que garantem conforto e segurança por muitos anos. Incluímos depoimentos de pessoas que passaram por esse processo, cases de adaptações bem-sucedidas e um guia de regiões com melhor infraestrutura para aposentados. Com checklists de avaliação de imóveis e comunidades, este material é essential para quem planeja sua aposentadoria em 2025.', '2025-08-27', '59b30f39c778618be5da02789698d6c4.png', 1),
	(62, 'Imóveis com Piscina: Análise de Custo-Benefício em 2025', 'Uma piscina pode ser um grande atrativo em um imóvel, agregando valor e proporcionando momentos de lazer e convívio, mas também representa custos significativos de construção, manutenção e seguro. Em 2025, com os avanços em tecnologia e materiais, essa equação custo-benefício evoluiu significativamente. Este artigo oferece uma análise detalhada sobre a viabilidade de imóveis com piscina, considerando diferentes regiões climáticas, tipos de propriedade e perfis de uso. Calculamos os custos anuais médios de manutenção para diferentes tipos de piscina (alvenaria, vinil, fibra), incluindo produtos químicos, energia, água e reparos. Abordamos as novas tecnologias que reduzem custos e facilitam a manutenção, como sistemas de filtragem mais eficientes, capas automáticas e controle remoto de parâmetros. Exploramos também o impacto no valor do imóvel, com dados comparativos de valorização em diferentes mercados. Incluímos um capítulo sobre adaptações para segurança, especialmente importante para famílias com crianças, e as exigências legais para piscinas em condomínios. Com casos reais de proprietários que calcularam seu retorno sobre o investimento, este guia ajuda você a decidir se um imóvel com piscina é a escolha certa para você em 2025.', '2025-09-01', '1a57d41561642e21b222fb902faccaa9.png', 1);
/*!40000 ALTER TABLE `blog` ENABLE KEYS */;

-- Copiando estrutura para tabela lp_imobiliaria.casa
CREATE TABLE IF NOT EXISTS `casa` (
  `id` int(11) NOT NULL AUTO_INCREMENT,
  `imovel_id` int(11) DEFAULT NULL,
  `quartos` int(11) DEFAULT NULL,
  `banheiros` int(11) DEFAULT NULL,
  `vagas` int(11) DEFAULT NULL,
  `possui_piscina` tinyint(1) DEFAULT NULL,
  `possui_jardim` tinyint(1) DEFAULT NULL,
  PRIMARY KEY (`id`),
  KEY `imovel_id` (`imovel_id`),
  CONSTRAINT `casa_ibfk_1` FOREIGN KEY (`imovel_id`) REFERENCES `imoveis` (`id`)
) ENGINE=InnoDB AUTO_INCREMENT=138 DEFAULT CHARSET=utf8mb4 COLLATE=utf8mb4_general_ci;

-- Copiando dados para a tabela lp_imobiliaria.casa: ~83 rows (aproximadamente)
DELETE FROM `casa`;
/*!40000 ALTER TABLE `casa` DISABLE KEYS */;
INSERT INTO `casa` (`id`, `imovel_id`, `quartos`, `banheiros`, `vagas`, `possui_piscina`, `possui_jardim`) VALUES
	(1, 1, 3, 2, 2, 0, 1),
	(2, 4, 4, 3, 2, 1, 1),
	(3, 7, 5, 4, 3, 1, 1),
	(4, 10, 3, 2, 1, 0, 1),
	(5, 2, 2, 1, 1, 0, 0),
	(6, 5, 3, 2, 2, 0, 1),
	(7, 8, 2, 1, 1, 0, 0),
	(8, 6, 4, 3, 2, 1, 1),
	(9, 3, 3, 2, 2, 0, 1),
	(10, 9, 2, 1, 1, 0, 0),
	(11, 1, 2, 1, 0, 0, 0),
	(12, 2, 1, 2, 0, 0, 0),
	(13, 4, 4, 1, 0, 0, 1),
	(14, 5, 4, 1, 2, 0, 1),
	(15, 7, 2, 3, 1, 0, 0),
	(16, 8, 3, 2, 1, 0, 0),
	(17, 10, 4, 3, 0, 0, 0),
	(18, 11, 2, 1, 2, 0, 1),
	(19, 12, 1, 2, 0, 0, 0),
	(20, 14, 1, 3, 1, 1, 0),
	(21, 15, 1, 1, 2, 1, 0),
	(22, 17, 2, 2, 1, 0, 0),
	(23, 18, 5, 3, 0, 1, 0),
	(24, 20, 4, 3, 2, 1, 0),
	(25, 21, 1, 1, 1, 0, 0),
	(26, 23, 5, 1, 0, 1, 0),
	(27, 24, 2, 3, 1, 0, 0),
	(28, 26, 2, 3, 2, 0, 0),
	(29, 27, 2, 1, 0, 0, 0),
	(30, 29, 3, 2, 0, 0, 0),
	(31, 30, 3, 1, 2, 0, 0),
	(32, 32, 2, 2, 1, 0, 0),
	(33, 33, 3, 1, 0, 0, 0),
	(34, 35, 3, 2, 0, 0, 0),
	(35, 36, 1, 1, 2, 1, 1),
	(36, 38, 2, 3, 1, 0, 1),
	(37, 39, 2, 1, 0, 0, 1),
	(38, 41, 4, 1, 1, 0, 1),
	(39, 42, 1, 3, 2, 0, 0),
	(40, 44, 5, 3, 2, 0, 0),
	(41, 45, 4, 3, 1, 1, 0),
	(42, 47, 4, 3, 0, 0, 1),
	(43, 48, 1, 2, 0, 0, 0),
	(44, 50, 2, 3, 1, 0, 1),
	(45, 51, 1, 2, 0, 0, 0),
	(46, 53, 2, 3, 0, 0, 0),
	(47, 54, 5, 1, 2, 0, 0),
	(48, 56, 5, 2, 2, 0, 1),
	(49, 57, 4, 2, 0, 0, 0),
	(50, 59, 4, 2, 0, 1, 0),
	(51, 60, 1, 3, 0, 0, 0),
	(52, 62, 5, 3, 2, 0, 0),
	(53, 63, 5, 3, 2, 0, 0),
	(54, 65, 2, 2, 2, 1, 1),
	(55, 66, 1, 1, 0, 1, 0),
	(56, 68, 3, 3, 2, 1, 0),
	(57, 69, 2, 3, 1, 1, 1),
	(58, 71, 2, 1, 1, 0, 0),
	(59, 72, 2, 2, 0, 1, 1),
	(60, 74, 1, 3, 1, 0, 0),
	(61, 75, 5, 2, 1, 0, 1),
	(62, 77, 1, 2, 2, 0, 1),
	(63, 78, 4, 2, 1, 0, 0),
	(64, 80, 3, 2, 1, 0, 0),
	(65, 81, 3, 3, 1, 1, 0),
	(66, 83, 3, 1, 2, 0, 0),
	(67, 84, 4, 1, 0, 0, 0),
	(68, 86, 1, 2, 0, 0, 0),
	(69, 87, 4, 3, 1, 0, 0),
	(70, 89, 4, 3, 0, 0, 0),
	(71, 90, 1, 2, 0, 0, 0),
	(72, 92, 2, 1, 2, 0, 0),
	(73, 93, 1, 2, 2, 0, 0),
	(74, 95, 3, 1, 0, 0, 0),
	(75, 96, 1, 2, 2, 0, 0),
	(76, 98, 1, 1, 0, 0, 0),
	(77, 99, 3, 3, 1, 0, 1),
	(78, 101, 4, 2, 0, 0, 0),
	(79, 102, 4, 3, 2, 1, 0),
	(80, 104, 4, 2, 0, 1, 1),
	(81, 105, 1, 1, 0, 0, 0),
	(82, 107, 2, 2, 2, 0, 0),
	(83, 108, 2, 2, 1, 0, 0);
/*!40000 ALTER TABLE `casa` ENABLE KEYS */;

-- Copiando estrutura para tabela lp_imobiliaria.faq
CREATE TABLE IF NOT EXISTS `faq` (
  `id` int(11) NOT NULL AUTO_INCREMENT,
  `pergunta` text DEFAULT NULL,
  `resposta` text DEFAULT NULL,
  `usuario_id` int(11) DEFAULT NULL,
  PRIMARY KEY (`id`),
  KEY `usuario_id` (`usuario_id`),
  CONSTRAINT `faq_ibfk_1` FOREIGN KEY (`usuario_id`) REFERENCES `usuario` (`id`)
) ENGINE=InnoDB AUTO_INCREMENT=26 DEFAULT CHARSET=utf8mb4 COLLATE=utf8mb4_general_ci;

-- Copiando dados para a tabela lp_imobiliaria.faq: ~14 rows (aproximadamente)
DELETE FROM `faq`;
/*!40000 ALTER TABLE `faq` DISABLE KEYS */;
INSERT INTO `faq` (`id`, `pergunta`, `resposta`, `usuario_id`) VALUES
	(11, 'Posso fazer proposta diferente do valor anunciado?', 'Sim. Envie sua proposta e nós a encaminharemos ao proprietário. Ele avaliará e responderá o mais rápido possível.', 1),
	(12, 'Vocês atendem apenas na cidade X ou em outras regiões também?', 'Atendemos principalmente na cidade X e região metropolitana. Para saber se atendemos sua área, consulte nossa equipe pelo WhatsApp.', 1),
	(13, 'É possível reservar um imóvel antes de assinar o contrato?', 'Sim. Podemos bloquear o imóvel por um curto período mediante sinal ou proposta formal aprovada pelo proprietário.', 1),
	(14, 'Como sei se um imóvel já foi alugado ou vendido?', 'Nosso site é atualizado em tempo real. Se o imóvel estiver disponível, aparecerá como “Disponível” no anúncio.', 1),
	(15, 'É possível fazer tudo online (contrato digital)?', 'Sim. Para maior comodidade, oferecemos assinatura eletrônica de contratos e envio digital de documentos.', 1),
	(16, 'Vocês fazem vistoria antes e depois do aluguel?', 'Sim. Fazemos vistoria detalhada com fotos e laudo técnico antes da entrada e na saída do inquilino, garantindo segurança para ambas as partes.', 1),
	(17, 'O proprietário pode reajustar o valor do aluguel quando quiser?', 'Não. O reajuste só pode ser feito uma vez por ano e seguindo o índice definido no contrato.', 1),
	(18, 'Existe taxa de administração para os proprietários?', 'Sim, cobramos uma taxa de administração mensal sobre o valor do aluguel para cuidar da gestão do imóvel. As condições são explicadas no contrato.', 1),
	(19, 'Vocês auxiliam na avaliação do preço do imóvel?', 'Sim. Nossa equipe faz uma análise de mercado gratuita para indicar o valor ideal de venda ou aluguel do seu imóvel.', 1),
	(20, 'O que acontece se o inquilino atrasar o aluguel?', 'Aplicamos os encargos previstos em contrato (juros e multa) e fazemos a mediação com o proprietário para regularizar a situação', 1),
	(21, 'Posso levar meu animal de estimação para um imóvel alugado?', 'Depende do imóvel e do regulamento do condomínio. Essa informação pode ser conferida no anúncio ou confirmada com nossa equipe.', 1),
	(22, 'Quais as vantagens de alugar ou vender com a imobiliária em vez de fazer por conta própria?', 'Com a imobiliária, você tem segurança jurídica, divulgação profissional, suporte em negociações e gestão do contrato', 1),
	(23, 'Posso fazer reforma no imóvel que estou alugando?', 'Somente com autorização prévia do proprietário. Melhor solicitar por escrito antes de iniciar qualquer obra.', 1),
	(24, 'Vocês trabalham com imóveis comerciais e industriais?', 'Sim. Além de residenciais, temos opções comerciais e industriais para venda e locação.', 1);
/*!40000 ALTER TABLE `faq` ENABLE KEYS */;

-- Copiando estrutura para tabela lp_imobiliaria.imagem_imovel
CREATE TABLE IF NOT EXISTS `imagem_imovel` (
  `id` int(11) NOT NULL AUTO_INCREMENT,
  `imovel_id` int(11) DEFAULT NULL,
  `url_imagem` varchar(255) DEFAULT NULL,
  `descricao` varchar(255) DEFAULT NULL,
  PRIMARY KEY (`id`),
  KEY `imovel_id` (`imovel_id`),
  CONSTRAINT `imagem_imovel_ibfk_1` FOREIGN KEY (`imovel_id`) REFERENCES `imoveis` (`id`)
) ENGINE=InnoDB AUTO_INCREMENT=522 DEFAULT CHARSET=utf8mb4 COLLATE=utf8mb4_general_ci;

-- Copiando dados para a tabela lp_imobiliaria.imagem_imovel: ~327 rows (aproximadamente)
DELETE FROM `imagem_imovel`;
/*!40000 ALTER TABLE `imagem_imovel` DISABLE KEYS */;
INSERT INTO `imagem_imovel` (`id`, `imovel_id`, `url_imagem`, `descricao`) VALUES
	(11, 1, 'ea66c06c1e1c05fa9f1aa39d98dc5bc1.png', 'Fachada principal'),
	(12, 1, '98c6f2c2287f4c73cea3d40ae7ec3ff2.png', 'Sala de estar'),
	(13, 1, '13cee27a2bd93915479f049378cffdd3.png', 'Cozinha'),
	(14, 2, '8fbdbf5573b18fae93736180f8d0197a.png', 'Fachada principal'),
	(15, 2, '3c46a0407be60a1f00731ab8e9575df2.png', 'Sala de estar'),
	(16, 2, 'c22c60349630d688cef20a3fd708ad87.png', 'Cozinha'),
	(17, 2, '620726cce3cbc8c574e5889cb404da8c.png', 'Quarto'),
	(18, 3, 'c9e6e7b69f98f516a54cfe2c9e25fb3f.png', 'Fachada principal'),
	(19, 3, 'b772d43b49bb57b596d0343c33bcffec.png', 'Sala de estar'),
	(20, 4, '74bdefab9757a081606b181ac29f1db2.png', 'Fachada principal'),
	(21, 4, '2f5bb7747efda0546636fb385a3fa593.png', 'Sala de estar'),
	(22, 4, '4864dafb55d05d74897fdce5dee7fd22.png', 'Cozinha'),
	(23, 5, '19a1de167122a18af369c749f4e40a48.png', 'Fachada principal'),
	(24, 5, 'dca19ffa163054feef33432fad5f9833.png', 'Sala de estar'),
	(25, 5, '0dd954ea204f19a1b391b7828491927b.png', 'Cozinha'),
	(26, 5, '60274c1ac606dddfab591309cb5ace78.png', 'Quarto'),
	(27, 6, '0299c06aed970473ae41d986b308cd09.png', 'Fachada principal'),
	(28, 6, '17380ddb842e984302034e1bb66c24e4.png', 'Sala de estar'),
	(29, 7, 'a514839c4971406ff865a3f340e4ea36.png', 'Fachada principal'),
	(30, 7, '6ab5dbc886d46770a86e6cc0be54a9d1.png', 'Sala de estar'),
	(31, 7, 'd5ac5a27c34ebfd7a1dbd16d5b99edfb.png', 'Cozinha'),
	(32, 8, '9634715ca7e046cdd0fc857cdc38dcb6.png', 'Fachada principal'),
	(33, 8, '1981e4a762b39858dc33f9ea28ed065a.png', 'Sala de estar'),
	(34, 8, 'f2a057fc73359a2781f0fd48f63d6fde.png', 'Cozinha'),
	(35, 8, '1701cf909c49835d0c793c7a7ef82a5d.png', 'Quarto'),
	(36, 9, 'b00bdaf8d970b7df664953f63a698374.png', 'Fachada principal'),
	(37, 9, '435c44c266bc0c05f7b6f48e7a454f1c.png', 'Sala de estar'),
	(38, 10, '09e25c12765906f32fefca6a9f366e15.png', 'Fachada principal'),
	(39, 10, '80d2b8bbb1d9fbb8aec70c802cc67bad.png', 'Sala de estar'),
	(40, 10, '88cb29daab6dd7ae3016b506c36e9f17.png', 'Cozinha'),
	(41, 11, '421d13c7ecd67604cedbe44f88dd1f61.png', 'Fachada principal'),
	(42, 11, 'a12f16c644039099699332e247f11ec0.png', 'Sala de estar'),
	(43, 11, '4d6237df5ab8cc9e1268b8086182979d.png', 'Cozinha'),
	(44, 11, 'dd7650909d02ea03dd155714a731fef3.png', 'Quarto'),
	(45, 12, '1f289cd1a244a837b3d946160b49e54d.png', 'Fachada principal'),
	(46, 12, '2a0270f3b3a57f49c195a7f2b0736564.png', 'Sala de estar'),
	(47, 13, '2fe6766a6b2f487e07c03af228aca558.png', 'Fachada principal'),
	(48, 13, '4905abb61a5590581594942eec248f63.png', 'Sala de estar'),
	(49, 13, '779a15d45968fdb3d1ebc2d181e90a3a.png', 'Cozinha'),
	(50, 14, '96ec418403fce800c1189c76812e3dd5.png', 'Fachada principal'),
	(51, 14, '8d7b45e20880eea04dfc0063fee7586b.png', 'Sala de estar'),
	(52, 14, '376535a5b8abf83f39e6ed9c99cb0ca5.png', 'Cozinha'),
	(53, 14, '5047ad932e32e27f97440c6fcf47f0f6.png', 'Quarto'),
	(54, 15, '8d501acf45a17771119f1ce8f3f9ecaf.png', 'Fachada principal'),
	(55, 15, '4c52f5a2b25535b01cfeba2fbbc5731b.png', 'Sala de estar'),
	(56, 16, '1be65ab2215710e443b1b005b55b28dd.png', 'Fachada principal'),
	(57, 16, 'dd5dbb65de618ba161be62a1986204a6.png', 'Sala de estar'),
	(58, 16, '1f202df8fd599ad73bc923b7437c25c3.png', 'Cozinha'),
	(59, 17, '1e43a134085e58c411f78053d28e7ffb.png', 'Fachada principal'),
	(60, 17, '932dd7fd72960ca014ad844b9f51e88a.png', 'Sala de estar'),
	(61, 17, '06ba3591c0b566eee605a5a540e0573b.png', 'Cozinha'),
	(62, 17, '906b26989d817ffb48c3455006823552.png', 'Quarto'),
	(63, 18, '2a333fb6706694a6b0cb9cca04f89a3f.png', 'Fachada principal'),
	(64, 18, '6e1d7418f141c7ef5c0612c53dbe4efd.png', 'Sala de estar'),
	(65, 19, 'ea315d01eb7940a6e515f9fb7b4c2bf9.png', 'Fachada principal'),
	(66, 19, 'ab8a2d57e83c48858b4894e334280f41.png', 'Sala de estar'),
	(67, 19, 'fc4c1160206452fa7d3450d8c7a2e9dc.png', 'Cozinha'),
	(68, 20, '68c80239ab1670291ef7399136e8c332.png', 'Fachada principal'),
	(69, 20, '1b24ae634e38115896c578c172c56be7.png', 'Sala de estar'),
	(70, 20, '6a3bd84e40a7cd39f9c3e236020ada43.png', 'Cozinha'),
	(71, 20, '5b04218ffa985d5ee5c498af96d89264.png', 'Quarto'),
	(72, 21, '24bd34f78e62ee2fe89a3a4830966e42.png', 'Fachada principal'),
	(73, 21, '9f80bbb77b4306aadb7e6703166a79c4.png', 'Sala de estar'),
	(74, 22, '45f2485d21ebb8d819cc86cfc53155af.png', 'Fachada principal'),
	(75, 22, '0498b82c0acefdaa4316cf3956463a13.png', 'Sala de estar'),
	(76, 22, '1dbea03f53841e005379edd2cbdb2f67.png', 'Cozinha'),
	(77, 23, '15dc5ed963777a7157adbe489dc8f70a.png', 'Fachada principal'),
	(78, 23, 'f9c2fe22c03d6d9409cd25bb4a89e07e.png', 'Sala de estar'),
	(79, 23, '0b45ecb73370317aaa39c85083c4302d.png', 'Cozinha'),
	(80, 23, 'fde0753cd8ba2340f2f58dbb7fce9aba.png', 'Quarto'),
	(81, 24, '8d5f91988a77a5d2fda474a186a5e928.png', 'Fachada principal'),
	(82, 24, 'fab92536f6bdab878e6f64bbc8922b10.png', 'Sala de estar'),
	(83, 25, 'a4db1a6f766cc7621f1a5dd7146d5ef4.png', 'Fachada principal'),
	(84, 25, '71561dfff6cdcc7d7d811a7af5639c0d.png', 'Sala de estar'),
	(85, 25, 'fb6b521813c95ab35453aa2d9cd16dcc.png', 'Cozinha'),
	(86, 26, '1a4ac090ca17c11d7ef3d9ac6bc849ea.png', 'Fachada principal'),
	(87, 26, 'e2b46828353024927948fbcdcafbd529.png', 'Sala de estar'),
	(88, 26, '7ad6edb946f605dc3922b83abfcff370.png', 'Cozinha'),
	(89, 26, 'f09878972e2c7dc899203d41180b706d.png', 'Quarto'),
	(90, 27, 'cf003160389ef2159837eaf95f2e3de9.png', 'Fachada principal'),
	(91, 27, '1bc546217e9e67f35450ee9cbab3debc.png', 'Sala de estar'),
	(92, 28, '973c6b6a147db555e9cb4e0b634c807c.png', 'Fachada principal'),
	(93, 28, 'b3b5f358e1e39c178be242eeb5d6bb28.png', 'Sala de estar'),
	(94, 28, '3a7599ecc994820b7e4aeff53839cf73.png', 'Cozinha'),
	(95, 29, '4faba388ca02e0e88ffa0963eeab1114.png', 'Fachada principal'),
	(96, 29, '6c43ecf13c1a25639d2afc216718064a.png', 'Sala de estar'),
	(97, 29, 'cbe538be563ff64f74dec6684d13610c.png', 'Cozinha'),
	(98, 29, 'c44dda27507a4f100b828c5e24f702fa.png', 'Quarto'),
	(99, 30, 'dd7bb1073d209be82c8e9d22381eab52.png', 'Fachada principal'),
	(100, 30, '36b4933212584f083ea522210f72f971.png', 'Sala de estar'),
	(101, 31, '6ca455c1d8b2b75bb903533b6fe52b20.png', 'Fachada principal'),
	(102, 31, '4b9756f6fd50a36265d670d45eb60f7d.png', 'Sala de estar'),
	(103, 31, '4ca5bc08f16b0aeff8f970c50509e2b1.png', 'Cozinha'),
	(104, 32, 'f6f026693c994810ddbe0671dcbbffc9.png', 'Fachada principal'),
	(105, 32, '0c56fd30bf7c6a0301f1867a90ca9941.png', 'Sala de estar'),
	(106, 32, '2f45802f6e4b2a49be7597f1c7bd3b71.png', 'Cozinha'),
	(107, 32, '24a82cb5191db6ceac4cb1849514eef3.png', 'Quarto'),
	(108, 33, 'bd9849b1fcc5fe3de9aec8c14e289253.png', 'Fachada principal'),
	(109, 33, '6926a26d4ae056ef2e0e413b4bb54fcc.png', 'Sala de estar'),
	(110, 34, '8a4ac393c0ae433c0d3f1f15dc3700c3.png', 'Fachada principal'),
	(111, 34, 'c958eea7eb591d022b5c9b3c776d966f.png', 'Sala de estar'),
	(112, 34, 'c690832cf95ed4001569fd177df09e11.png', 'Cozinha'),
	(113, 35, 'b3b0820183cae19152db799d876b29a7.png', 'Fachada principal'),
	(114, 35, 'e2c78449ffeaa841192af815887c4cbd.png', 'Sala de estar'),
	(115, 35, '77a4cd408f8792bf21aba8e8e102e4cf.png', 'Cozinha'),
	(116, 35, 'ca21cdd227490456787c7256ba010c16.png', 'Quarto'),
	(117, 36, '83889fb735843a6ca254429332bd2035.png', 'Fachada principal'),
	(118, 36, 'd29d68c51ea36c532b872660b5d0c88a.png', 'Sala de estar'),
	(119, 37, '0c45deaabb05bd329342dff03b7578e5.png', 'Fachada principal'),
	(120, 37, '566172ec24ba0aa3b059b3396e023a5d.png', 'Sala de estar'),
	(121, 37, 'f88450f459f8b3a369817f92af536fe7.png', 'Cozinha'),
	(122, 38, '000acb4351c4aaad0044f6f9c01e6336.png', 'Fachada principal'),
	(123, 38, 'f7c7fae5046e20f0397c982da54cb8f2.png', 'Sala de estar'),
	(124, 38, '768966dbb5b29f58ae761254807b6386.png', 'Cozinha'),
	(125, 38, '33c91a56b203c124caef80b6665efb1b.png', 'Quarto'),
	(126, 39, '409e43abebebd6066025300f0b2b0be2.png', 'Fachada principal'),
	(127, 39, '7e03613dfc687c8b423a229a6a27fe0b.png', 'Sala de estar'),
	(128, 40, '2c8761846079c2fed5f588b54b8726f6.png', 'Fachada principal'),
	(129, 40, 'b43db4bfe4bfd1be3e6610e4c5483b7e.png', 'Sala de estar'),
	(130, 40, 'e429aec6b730b7f36cbff846c2f0be37.png', 'Cozinha'),
	(131, 41, '3adf23c4244d55acf13c05ca44e418f9.png', 'Fachada principal'),
	(132, 41, '8d56aa1926a8f7467206d344333ed3be.png', 'Sala de estar'),
	(133, 41, '19c2f38883c35719ea81e9beaf752f1c.png', 'Cozinha'),
	(134, 41, '71761ef97c3f095a74aa59b1131b6dd0.png', 'Quarto'),
	(135, 42, '9542edcd86310a69c7e9bad587f0a91f.png', 'Fachada principal'),
	(136, 42, 'f1344968874366d7bc792ed7ee42dd8d.png', 'Sala de estar'),
	(137, 43, '4b4fb4402471cd1db3a6f8d3717c4c9e.png', 'Fachada principal'),
	(138, 43, '43bf760f36fd83b6e5431c528d208dfc.png', 'Sala de estar'),
	(139, 43, 'fc5c25ee9a6cb500ab5e5ea5981dd971.png', 'Cozinha'),
	(140, 44, '1acab7f224ecf07fd07683d2f6072207.png', 'Fachada principal'),
	(141, 44, '8a72756e437a86e31af4e1048d310dde.png', 'Sala de estar'),
	(142, 44, '3d49e09143e72001fa523aafbad141bd.png', 'Cozinha'),
	(143, 44, 'bb95fa0efb430a94196e8008cf234951.png', 'Quarto'),
	(144, 45, 'daff5f9c8e6f7a893a0d0ed5d78eb785.png', 'Fachada principal'),
	(145, 45, 'b9420f4a4968c675c2d20f6adf8766b2.png', 'Sala de estar'),
	(146, 46, 'a28d2297fc0cd51c3e3768d29b9236fe.png', 'Fachada principal'),
	(147, 46, '7f8ce5b9cc3bfd75905a7699323a3eca.png', 'Sala de estar'),
	(148, 46, 'c489226ae71228d1046814b5ce5ec825.png', 'Cozinha'),
	(149, 47, '9084983526ed348508b95702ad27747a.png', 'Fachada principal'),
	(150, 47, '25deab229f8626fc2cc9ff815ab17467.png', 'Sala de estar'),
	(151, 47, '52e5b13b13c40e9a1d744f4264a948b2.png', 'Cozinha'),
	(152, 47, '365fc9ac97c85257a0fcbf8c25dcb227.png', 'Quarto'),
	(153, 48, '4cd3736ac723f5f742b3d5d94d4669d9.png', 'Fachada principal'),
	(154, 48, '566146db3ccbaf24f75cdb25e2b61d2d.png', 'Sala de estar'),
	(155, 49, 'b094ea80d58f89046364406a572c5f9f.png', 'Fachada principal'),
	(156, 49, '884132207a5792b6d52ade567a58537e.png', 'Sala de estar'),
	(157, 49, '5bbd8109f6f6f8bc0ba8fde87b8a1cc2.png', 'Cozinha'),
	(158, 50, 'ec87268cab1e044f4da2bdccd0b3feeb.png', 'Fachada principal'),
	(159, 50, 'dac67e372cd5320df4f2ef10cbba596e.png', 'Sala de estar'),
	(160, 50, 'd4d5868fbf168214e58e3269e4066bc6.png', 'Cozinha'),
	(161, 50, 'a26993028cd0750e631ba6c88634aaae.png', 'Quarto'),
	(162, 51, '4c8dff40823e8b84e675b71f970d6350.png', 'Fachada principal'),
	(163, 51, '3cc538e3b7823e92f6adf821e05b10af.png', 'Sala de estar'),
	(164, 52, '02f742c56b8cdcec19ff141f23425393.png', 'Fachada principal'),
	(165, 52, '5f258d51df4e1cb390c315df1dd5a5cb.png', 'Sala de estar'),
	(166, 52, '53d9047aade4363407a1460a35aff7ad.png', 'Cozinha'),
	(167, 53, '41362b6deef7ad60f4a24d0df3b6723c.png', 'Fachada principal'),
	(168, 53, '833de580ef290e6ae56d695fa8acb660.png', 'Sala de estar'),
	(169, 53, '00b7d87b1606cf235c8da3238cd29511.png', 'Cozinha'),
	(170, 53, 'd59779209ddb03ea24dd028962816c7e.png', 'Quarto'),
	(171, 54, '44e51272c69b8fddce18c71c0fca88a1.png', 'Fachada principal'),
	(172, 54, 'af4bb0c180da7c135d008dd3993f7ae9.png', 'Sala de estar'),
	(173, 55, 'b9d1490f03227a004189e9ca549ca801.png', 'Fachada principal'),
	(174, 55, '45ae7e1342aab7488f1e1dba1099785f.png', 'Sala de estar'),
	(175, 55, '08ff4afa4b841a134dc9e395d0afff48.png', 'Cozinha'),
	(176, 56, '28f3494ddd3e4b688c1880e2a790b2ea.png', 'Fachada principal'),
	(177, 56, '91be1511ad11100c003ba3a1533a61e8.png', 'Sala de estar'),
	(178, 56, '65a7b5d3535ffd1036fab1db6137e97c.png', 'Cozinha'),
	(179, 56, '234097a795ef9cce34079309a7601f42.png', 'Quarto'),
	(180, 57, '7af0b9103d4de78028ebb873388afdd6.png', 'Fachada principal'),
	(181, 57, '4b90addd805c9bf160d934e78915c726.png', 'Sala de estar'),
	(182, 58, 'c137f587e5cfc38107f62166f2429fa5.png', 'Fachada principal'),
	(183, 58, '19e1608af5964c5c24a688c1d3a580d8.png', 'Sala de estar'),
	(184, 58, '5565692c8e5ae0440e903b3e0786dcb2.png', 'Cozinha'),
	(185, 59, '497e783de8eddc8f79aac4b49aff434f.png', 'Fachada principal'),
	(186, 59, '81844e4d4d59000351a4c765334289b2.png', 'Sala de estar'),
	(187, 59, '3f71d6f3b011695a8e989f83068516e5.png', 'Cozinha'),
	(188, 59, '20d6533085dc1bba75278633baff9152.png', 'Quarto'),
	(189, 60, '7f75b7f0bf7a0c40d10e357120f9f699.png', 'Fachada principal'),
	(190, 60, '7a80920f44da1ce9e1ae1dd78c5b8a99.png', 'Sala de estar'),
	(191, 61, 'a02a6479ee17ada669fd713d24b227bb.png', 'Fachada principal'),
	(192, 61, '310be98b95a3b068c81f4a1ea9f528d3.png', 'Sala de estar'),
	(193, 61, '2cb5ddcd488bf481496371fa2c6b46e6.png', 'Cozinha'),
	(194, 62, '492546bf203573e8437a64b4f18a8b37.png', 'Fachada principal'),
	(195, 62, '71bc3a33d409c7357022f7fee62e9767.png', 'Sala de estar'),
	(196, 62, 'e36bef9072aaf64672ae2de463f240f0.png', 'Cozinha'),
	(197, 62, 'ab9b67fd2c2fbe5ac83e4fca3903772f.png', 'Quarto'),
	(198, 63, 'cd2e5810bab2c762ef3d6c31629be566.png', 'Fachada principal'),
	(199, 63, 'e3b888176af3542543c3f7c982253db7.png', 'Sala de estar'),
	(200, 64, 'bf796ba3d6587b599d5babbab366450a.png', 'Fachada principal'),
	(201, 64, '1570d01dee2a49de4deea44e2abdf0f5.png', 'Sala de estar'),
	(202, 64, '96fabd5877276d5272a3cde27ea21753.png', 'Cozinha'),
	(203, 65, '45c27d705ba19c708e51281058f41c2a.png', 'Fachada principal'),
	(204, 65, '635d8a09330ef73bb6d7b0fb5ae33819.png', 'Sala de estar'),
	(205, 65, '845f32988f2b015812753a73e8dea374.png', 'Cozinha'),
	(206, 65, 'e8495d0922e2b0d2760944c7008c87cb.png', 'Quarto'),
	(207, 66, 'fe93d3fefa543fb578edb5babe91896b.png', 'Fachada principal'),
	(208, 66, '9fbd023796be70d1ddca5acb20de0eb6.png', 'Sala de estar'),
	(209, 67, '897cb201ac922a1f9ed6e6f9082e84f5.png', 'Fachada principal'),
	(210, 67, '5d3e0e49ec1bb7eae34653dd42b522da.png', 'Sala de estar'),
	(211, 67, 'c1daaf6c4196899109e0c5b1a97113a8.png', 'Cozinha'),
	(212, 68, '617749acca249edf9c735e1f467b59bc.png', 'Fachada principal'),
	(213, 68, '4068542611a47234878b5e8cd251f3b0.png', 'Sala de estar'),
	(214, 68, 'fe58f82d680677bd850495be65701950.png', 'Cozinha'),
	(215, 68, 'b5652560abf58fe8c58b8418d39a3632.png', 'Quarto'),
	(216, 69, 'd3f2714956033b261d3047d755a4aeef.png', 'Fachada principal'),
	(217, 69, 'c3bde07ce691e37cdce2b67ac1c28bcb.png', 'Sala de estar'),
	(218, 70, '12ffefbc98ba768bf0cd250c6a1c0e4b.png', 'Fachada principal'),
	(219, 70, '32cc325837b5188aa056db3f454cf40c.png', 'Sala de estar'),
	(220, 70, '587ee70098d65cb523b9ec1ac2b65943.png', 'Cozinha'),
	(221, 71, 'df8830d8cb40aea807180815f005d1bf.png', 'Fachada principal'),
	(222, 71, '76b97b37d4e972601bcf64e38ab6e330.png', 'Sala de estar'),
	(223, 71, 'e1557afb32a0ec4734711c9ad7510041.png', 'Cozinha'),
	(224, 71, 'f7c7420b9a3c39c4be621aa7c91a6f45.png', 'Quarto'),
	(225, 72, 'dde73c66c39af90a2db494a6f65e2590.png', 'Fachada principal'),
	(226, 72, '67a8a00d83b9f4694d909cc5a75351eb.png', 'Sala de estar'),
	(227, 73, '35f3001d0a59eed661f72312b5867380.png', 'Fachada principal'),
	(228, 73, 'f7b8de24286db85d03c0bf33297e05dc.png', 'Sala de estar'),
	(229, 73, '007150ee2a0aef89601fa9616191cce5.png', 'Cozinha'),
	(230, 74, 'c8bbe0acc656ab12efe89288e0db2fed.png', 'Fachada principal'),
	(231, 74, 'a613ab5b0a175295685b2be990d10371.png', 'Sala de estar'),
	(232, 74, 'f2e6ce7c4df0ce36455cc6cd7420d34d.png', 'Cozinha'),
	(233, 74, '07c628ed3489216bba45a860b5b1db70.png', 'Quarto'),
	(234, 75, '6f93c5dbd891eb772a67148187790535.png', 'Fachada principal'),
	(235, 75, '393f546d2278ff3e4f473ff3876e99f3.png', 'Sala de estar'),
	(236, 76, '064513f58829176a041a70e0b53714c3.png', 'Fachada principal'),
	(237, 76, 'd846fa3a867fbfcd6126ec118f1e425d.png', 'Sala de estar'),
	(238, 76, '870505c82d6895223c264f5019a06c4e.png', 'Cozinha'),
	(239, 77, 'ddddc0cca52b96c35e779c90edb5a60f.png', 'Fachada principal'),
	(240, 77, 'e0ac9333871d9ce66fc3bffcd886cd5f.png', 'Sala de estar'),
	(241, 77, 'ec37bda90ab6dba61aeb9849e2f58dd6.png', 'Cozinha'),
	(242, 77, '8602207f38d0824222670585e94d464f.png', 'Quarto'),
	(243, 78, '5bc35ec6610cffc269bdeb131c61bc9b.png', 'Fachada principal'),
	(244, 78, '4aa0ea5145f2ae9b9384171b6b7a8a49.png', 'Sala de estar'),
	(245, 79, '5d2b776ff0b61192df484df1874bb9e9.png', 'Fachada principal'),
	(246, 79, '0361ee2e63fca6347d15fc849c78bacd.png', 'Sala de estar'),
	(247, 79, '93dbff107acdcef317cdbefdc9378c73.png', 'Cozinha'),
	(248, 80, '7937fa36f42cfbf52d27b6b7d1b10b6e.png', 'Fachada principal'),
	(249, 80, '02f8926d8cd9f56e808e212e30020ac5.png', 'Sala de estar'),
	(250, 80, '91a09ed495e83cfe4eb4482308aa0be2.png', 'Cozinha'),
	(251, 80, '76117d765668ad08400ed4febf484ca4.png', 'Quarto'),
	(252, 81, '48620cb04f65a7f28c77708c15fc9ab6.png', 'Fachada principal'),
	(253, 81, 'f2c4c73cb23f5d7bc040ee75cb7f2059.png', 'Sala de estar'),
	(254, 82, '30105a0d064268cc4babaec49bcce243.png', 'Fachada principal'),
	(255, 82, 'a5a2501dfe9fdc7d75ab97360a50036e.png', 'Sala de estar'),
	(256, 82, 'c342707578d9f57ff1f59581805e8e8e.png', 'Cozinha'),
	(257, 83, 'ed5ae195657b173c22b9101d959cf921.png', 'Fachada principal'),
	(258, 83, '02067481205318b288845edc93b5d383.png', 'Sala de estar'),
	(259, 83, 'b2e450a6b21176ee99b1a952cdbed58d.png', 'Cozinha'),
	(260, 83, '3b268ea19977ec68fe49f59b522413fb.png', 'Quarto'),
	(261, 84, 'abcc4c3ef4f587c7e08d58da0101437c.png', 'Fachada principal'),
	(262, 84, 'aeeadd159f40491ddcf2bfebf0e905c4.png', 'Sala de estar'),
	(263, 85, '459341648bd2befbc1f23c595dc1aa69.png', 'Fachada principal'),
	(264, 85, 'e1f3266da194dada7fd08078e40a1ef9.png', 'Sala de estar'),
	(265, 85, '5b39f12b1d68692a59cecd2aa5ff782c.png', 'Cozinha'),
	(266, 86, 'dda11eeae60c669e948123b4d1471dd0.png', 'Fachada principal'),
	(267, 86, '37b2a130a6a5e09b28147739589ce0c7.png', 'Sala de estar'),
	(268, 86, '7dd2fcf6baa5259f78add0eb0eb379dd.png', 'Cozinha'),
	(269, 86, 'da156f211033bd52d76bc8ae66012729.png', 'Quarto'),
	(270, 87, '8c1912f0add847586edcb164df699bb1.png', 'Fachada principal'),
	(271, 87, 'f3ab39341c32680e25048b44c8698cac.png', 'Sala de estar'),
	(272, 88, '3ea6633e0fc1c06505a7c4fc852325f8.png', 'Fachada principal'),
	(273, 88, '5a47b49cabbefe582305d50f05ecb7fb.png', 'Sala de estar'),
	(274, 88, '72aa0cd98a3777e801270b849b1cf3ed.png', 'Cozinha'),
	(275, 89, '9b94786f254cadd9e5afa8d5a2622575.png', 'Fachada principal'),
	(276, 89, 'c6cd0b59f06f3aafad3c7e91982d7feb.png', 'Sala de estar'),
	(277, 89, '83d7b2e01b176c51b00ee791eaa96f42.png', 'Cozinha'),
	(278, 89, '0c7e77db5d991539628329c46152c415.png', 'Quarto'),
	(279, 90, 'ac908a14ac8df18a1d3deb0a68099efc.png', 'Fachada principal'),
	(280, 90, 'c1108aa3f0f798f680c2afa7fa2de7b2.png', 'Sala de estar'),
	(281, 91, 'b498d32bd92e865df9183985b972308b.png', 'Fachada principal'),
	(282, 91, 'a9f57325d576229720b5b3db27b43298.png', 'Sala de estar'),
	(283, 91, '18568493faf92d2987124f5905fd3b68.png', 'Cozinha'),
	(284, 92, '76c1545938f3a19e02533ff7b254e153.png', 'Fachada principal'),
	(285, 92, 'ea5b3903f9511a3a454c64490a99e935.png', 'Sala de estar'),
	(286, 92, '9a32451b9677c2fff9e9327cf62f16c7.png', 'Cozinha'),
	(287, 92, '911306432132b6212860367fdf86417c.png', 'Quarto'),
	(288, 93, '91d17f448c25021eb121adf938c4affd.png', 'Fachada principal'),
	(289, 93, '93b7c01e4e7e3d7dff58b3a312cd4509.png', 'Sala de estar'),
	(290, 94, '8d1f6c2aff4cd30cb9e2b2cf8e168088.png', 'Fachada principal'),
	(291, 94, '0978fe9bc90824e173ba0f8f886f608d.png', 'Sala de estar'),
	(292, 94, 'd9d9c1baabe34cface2a70a3edc8751f.png', 'Cozinha'),
	(293, 95, 'cd34f81d613a408c260cdbd1201d897d.png', 'Fachada principal'),
	(294, 95, '3946b71a148f42862bd79a9054b428d0.png', 'Sala de estar'),
	(295, 95, 'e7ed2374842353c1a7bab5b99336ee78.png', 'Cozinha'),
	(296, 95, '86679c3906eba31a08d9587a82ee98ca.png', 'Quarto'),
	(297, 96, '30770f81a667cfe9e9681efdfe15196b.png', 'Fachada principal'),
	(298, 96, '246c336a28a5a863e71ff72f0d9750fe.png', 'Sala de estar'),
	(299, 97, '020eac5bc7be4656f52be171e5d1b5af.png', 'Fachada principal'),
	(300, 97, 'b085bae0ae8a54bb19a7c61fc81f301a.png', 'Sala de estar'),
	(301, 97, '34ed4a747258a73f622280c91e0cb42b.png', 'Cozinha'),
	(302, 98, '28b86acb13d6b8bdedbbac74ecced906.png', 'Fachada principal'),
	(303, 98, 'c07b641db5a3e4da88bdbb2e765e85bd.png', 'Sala de estar'),
	(304, 98, 'e100a27f55fbe67cc4263e2404eb95f1.png', 'Cozinha'),
	(305, 98, '5b927fbfa587a6fff30a78c4da8bffdb.png', 'Quarto'),
	(306, 99, '329c2f99fa5628c4137ee98dcfe66fd5.png', 'Fachada principal'),
	(307, 99, 'd199bbdccb8752a0d325cac7ce39508a.png', 'Sala de estar'),
	(308, 100, '77c32878c6fe916f4ad27eae832464b5.png', 'Fachada principal'),
	(309, 100, '9fc2476999a37d4e36cbe4f206122495.png', 'Sala de estar'),
	(310, 100, '532527279d78015f70c84e3412eb446c.png', 'Cozinha'),
	(311, 101, '051e21c8bd545d933707dfc7b281fa1c.png', 'Fachada principal'),
	(312, 101, '3512ea0a8a07a87e7d37030f44a0a9b4.png', 'Sala de estar'),
	(313, 101, 'a854d04655bdc8acfdb0198df43b8994.png', 'Cozinha'),
	(314, 101, '554e952e89738d0b38a95077c6fb2825.png', 'Quarto'),
	(315, 102, '7504895894fa71d3db891481d385353d.png', 'Fachada principal'),
	(316, 102, '55b5c6b18c10eb15109926cf6b9b0c5d.png', 'Sala de estar'),
	(317, 103, '0a5b39dd845ba860f573b300c88283a0.png', 'Fachada principal'),
	(318, 103, 'b5c83494e5facc8b9e31422415a7e6f1.png', 'Sala de estar'),
	(319, 103, 'c702226393976dc48cfb196f2d1c3942.png', 'Cozinha'),
	(320, 104, '363d3c92660e944afe43ad2b729711bb.png', 'Fachada principal'),
	(321, 104, '21c60a7de6ab7c60b23677360443b944.png', 'Sala de estar'),
	(322, 104, '47f779fdb6b9c3299f941657e215840e.png', 'Cozinha'),
	(323, 104, '9cd2b59256f9a0891918b91cc4794dc1.png', 'Quarto'),
	(324, 105, '39c77e184d25d389c811b3594ca7fed7.png', 'Fachada principal'),
	(325, 105, '532fa9df7037f408b70f5d79a7b5b66d.png', 'Sala de estar'),
	(326, 106, '3c518f3d73fcd99c40715c794a4f0738.png', 'Fachada principal'),
	(327, 106, 'fca074cdaaeaaf83e64181dcce82b80a.png', 'Sala de estar'),
	(328, 106, 'cf47d778db8f91261ee1097f82f7c6ac.png', 'Cozinha'),
	(329, 107, '66935dd73fd446559e0dcfb0e8c3afde.png', 'Fachada principal'),
	(330, 107, '1cd8d8b4885681a6ad6d629986df2fc6.png', 'Sala de estar'),
	(331, 107, 'a0dde31181d31406c038af17a6afcb47.png', 'Cozinha'),
	(332, 107, '94a2b04fc45af5ddb0c477814689e694.png', 'Quarto'),
	(333, 108, 'e61688ffe36d6fb607994c6a842ce9d4.png', 'Fachada principal'),
	(334, 108, 'f7f669c4fe35df1802b3ac8d00410038.png', 'Sala de estar'),
	(335, 109, '6b08a7593d75babf445e1870dfda74cd.png', 'Fachada principal'),
	(336, 109, '82a46eb52c0cdd09534a35a85d90834c.png', 'Sala de estar'),
	(337, 109, '096efd86eda2a51fd11984f61032a698.png', 'Cozinha');
/*!40000 ALTER TABLE `imagem_imovel` ENABLE KEYS */;

-- Copiando estrutura para tabela lp_imobiliaria.imobiliaria
CREATE TABLE IF NOT EXISTS `imobiliaria` (
  `id` int(11) NOT NULL AUTO_INCREMENT,
  `nome` varchar(100) DEFAULT NULL,
  `cnpj` varchar(20) DEFAULT NULL,
  `telefone` varchar(20) DEFAULT NULL,
  `email` varchar(100) DEFAULT NULL,
  `endereco` varchar(255) DEFAULT NULL,
  `cidade` varchar(100) DEFAULT NULL,
  `estado` varchar(2) DEFAULT NULL,
  `site` varchar(100) DEFAULT NULL,
  `usuario_id` int(11) DEFAULT NULL,
  PRIMARY KEY (`id`),
  KEY `usuario_id` (`usuario_id`),
  CONSTRAINT `imobiliaria_ibfk_1` FOREIGN KEY (`usuario_id`) REFERENCES `usuario` (`id`)
) ENGINE=InnoDB AUTO_INCREMENT=11 DEFAULT CHARSET=utf8mb4 COLLATE=utf8mb4_general_ci;

-- Copiando dados para a tabela lp_imobiliaria.imobiliaria: ~1 rows (aproximadamente)
DELETE FROM `imobiliaria`;
/*!40000 ALTER TABLE `imobiliaria` DISABLE KEYS */;
INSERT INTO `imobiliaria` (`id`, `nome`, `cnpj`, `telefone`, `email`, `endereco`, `cidade`, `estado`, `site`, `usuario_id`) VALUES
	(1, 'Imobiliária Bortone', '26.196.890/0001-42', '1338223712', 'contato@grupobortone.com.br', 'Rua Tamekichi Takano, 713, Centro', 'Registro', 'SP', 'https://www.grupobortone.com.br/', 1);
/*!40000 ALTER TABLE `imobiliaria` ENABLE KEYS */;

-- Copiando estrutura para tabela lp_imobiliaria.imoveis
CREATE TABLE IF NOT EXISTS `imoveis` (
  `id` int(11) NOT NULL AUTO_INCREMENT,
  `tipo` varchar(50) NOT NULL,
  `endereco` varchar(255) NOT NULL,
  `cidade` varchar(100) NOT NULL,
  `estado` varchar(2) NOT NULL,
  `preco` decimal(12,2) NOT NULL,
  `area` int(11) NOT NULL,
  `descricao` text NOT NULL,
  `data_cadastro` date NOT NULL,
  `murado` tinyint(1) NOT NULL,
  `latitude` decimal(10,7) DEFAULT NULL,
  `longitude` decimal(10,7) DEFAULT NULL,
  `usuario_id` int(11) NOT NULL,
  `tipo_negociacao` enum('venda','aluguel') NOT NULL DEFAULT 'venda',
  `status` enum('disponivel','indisponivel','vendido','locado') NOT NULL DEFAULT 'disponivel',
  `data_update_status` timestamp NULL DEFAULT NULL COMMENT 'Campo guarda o update do atributo status do imovel, atualizando para "vendido" vai ficar registrado que foi atualizado no determinado dia',
  PRIMARY KEY (`id`),
  KEY `usuario_id` (`usuario_id`),
  CONSTRAINT `imoveis_ibfk_1` FOREIGN KEY (`usuario_id`) REFERENCES `usuario` (`id`)
) ENGINE=InnoDB AUTO_INCREMENT=111 DEFAULT CHARSET=utf8mb4 COLLATE=utf8mb4_general_ci;

-- Copiando dados para a tabela lp_imobiliaria.imoveis: ~110 rows (aproximadamente)
DELETE FROM `imoveis`;
/*!40000 ALTER TABLE `imoveis` DISABLE KEYS */;
INSERT INTO `imoveis` (`id`, `tipo`, `endereco`, `cidade`, `estado`, `preco`, `area`, `descricao`, `data_cadastro`, `murado`, `latitude`, `longitude`, `usuario_id`, `tipo_negociacao`, `status`, `data_update_status`) VALUES
	(1, 'Casa', 'Rua das Flores, 123', 'São Paulo', 'SP', 550000.00, 80, 'Casa aconchegante', '2024-01-29', 1, -23.5616840, -46.6559810, 1, 'venda', 'locado', '2024-02-17 00:00:00'),
	(2, 'Apartamento', 'Av. Brasil, 456', 'Rio de Janeiro', 'RJ', 1200000.00, 200, 'Apartamento de luxo', '2025-05-15', 1, -22.9068470, -43.1728960, 4, 'venda', 'disponivel', NULL),
	(3, 'Terreno', 'Rua Verde, 789', 'Belo Horizonte', 'MG', 250000.00, 300, 'Terreno amplo', '2025-07-29', 0, -19.9166810, -43.9344930, 8, 'venda', 'disponivel', NULL),
	(4, 'Casa', 'Rua Azul, 321', 'Curitiba', 'PR', 3500.00, 120, 'Casa para família', '2024-05-24', 1, -25.4289540, -49.2671370, 1, 'venda', 'disponivel', NULL),
	(5, 'Apartamento', 'Av. Central, 654', 'Porto Alegre', 'RS', 800000.00, 90, 'Apartamento moderno', '2024-08-14', 1, -30.0346470, -51.2176580, 4, 'venda', 'disponivel', NULL),
	(6, 'Terreno', 'Rua Sul, 852', 'Salvador', 'BA', 180000.00, 400, 'Terreno para construção', '2024-03-25', 0, -12.9777490, -38.5016290, 8, 'venda', 'disponivel', NULL),
	(7, 'Casa', 'Rua Norte, 963', 'Fortaleza', 'CE', 450000.00, 110, 'Casa com piscina', '2024-12-22', 1, -3.7172200, -38.5433080, 1, 'venda', 'disponivel', NULL),
	(8, 'Apartamento', 'Av. Leste, 147', 'Manaus', 'AM', 600000.00, 75, 'Apartamento com vista', '2024-10-28', 1, -3.1190280, -60.0217310, 4, 'venda', 'disponivel', NULL),
	(9, 'Terreno', 'Rua Oeste, 258', 'Brasília', 'DF', 300000.00, 350, 'Terreno plano', '2025-03-15', 0, -15.7938890, -47.8827780, 8, 'venda', 'disponivel', NULL),
	(10, 'Casa', 'Rua Centro, 369', 'Recife', 'PE', 500000.00, 130, 'Casa reformada', '2024-03-06', 1, -8.0475620, -34.8770030, 1, 'venda', 'disponivel', NULL),
	(11, 'Casa', 'Rua São João, 123', 'Registro', 'SP', 350000.00, 180, 'Casa com 3 quartos, sala ampla, cozinha planejada', '2024-08-24', 1, -24.4859000, -47.8366000, 1, 'venda', 'disponivel', NULL),
	(12, 'Apartamento', 'Av. Prefeito Jonas Banks, 456', 'Registro', 'SP', 280000.00, 75, 'Apartamento com 2 dormitórios, varanda gourmet', '2025-01-05', 0, -24.4872000, -47.8391000, 1, 'venda', 'vendido', '2025-02-16 00:00:00'),
	(13, 'Terreno', 'Rua das Flores, 789', 'Registro', 'SP', 150000.00, 500, 'Terreno plano, 500m², ideal para construção', '2025-06-14', 0, -24.4835000, -47.8324000, 1, 'venda', 'disponivel', NULL),
	(14, 'Casa', 'Rua Amazonas, 234', 'Registro', 'SP', 420000.00, 220, 'Casa com piscina, área de churrasco', '2024-11-10', 1, -24.4863000, -47.8378000, 1, 'aluguel', 'locado', '2024-12-11 00:00:00'),
	(15, 'Apartamento', 'Rua Portugal, 567', 'Registro', 'SP', 190000.00, 65, 'Apartamento compacto, bem localizado', '2025-08-16', 0, -24.4881000, -47.8402000, 1, 'aluguel', 'disponivel', NULL),
	(16, 'Terreno', 'Rua B, 890', 'Registro', 'SP', 95000.00, 300, 'Terreno residencial, 300m²', '2024-07-01', 1, -24.4827000, -47.8311000, 1, 'venda', 'vendido', '2024-07-28 00:00:00'),
	(17, 'Casa', 'Rua dos Ipês, 345', 'Registro', 'SP', 380000.00, 200, 'Casa com quintal amplo, garagem para 2 carros', '2024-12-26', 1, -24.4852000, -47.8357000, 1, 'venda', 'disponivel', NULL),
	(18, 'Apartamento', 'Av. Brasil, 678', 'Registro', 'SP', 310000.00, 85, 'Apartamento com vista para a cidade', '2024-01-27', 0, -24.4878000, -47.8385000, 1, 'aluguel', 'locado', '2024-03-11 00:00:00'),
	(19, 'Terreno', 'Rua C, 901', 'Registro', 'SP', 220000.00, 800, 'Terreno 800m² (0,8 hectares), zona mista', '2024-10-04', 0, -24.4819000, -47.8298000, 1, 'venda', 'disponivel', NULL),
	(20, 'Casa', 'Rua das Palmeiras, 456', 'Registro', 'SP', 290000.00, 160, 'Casa reformada, próxima ao centro', '2024-03-20', 1, -24.4846000, -47.8343000, 1, 'aluguel', 'disponivel', NULL),
	(21, 'Apartamento', 'Rua Argentina, 789', 'Registro', 'SP', 265000.00, 70, 'Apartamento com armários embutidos', '2024-06-28', 0, -24.4869000, -47.8369000, 1, 'venda', 'vendido', '2024-07-16 00:00:00'),
	(22, 'Terreno', 'Rua D, 012', 'Registro', 'SP', 180000.00, 600, 'Terreno 600m², plano, com documentação regularizada', '2024-02-13', 1, -24.4805000, -47.8282000, 1, 'venda', 'disponivel', NULL),
	(23, 'Casa', 'Rua dos Jacarandás, 567', 'Registro', 'SP', 410000.00, 210, 'Casa com suíte master, área de serviço', '2024-10-21', 1, -24.4839000, -47.8335000, 1, 'aluguel', 'locado', '2024-11-08 00:00:00'),
	(24, 'Apartamento', 'Rua Chile, 890', 'Registro', 'SP', 225000.00, 60, 'Apartamento kitnet, ideal para solteiros', '2024-04-24', 0, -24.4857000, -47.8352000, 1, 'aluguel', 'disponivel', NULL),
	(25, 'Terreno', 'Rua E, 123', 'Registro', 'SP', 120000.00, 400, 'Terreno 400m², próximo à área comercial', '2024-10-30', 0, -24.4798000, -47.8269000, 1, 'venda', 'vendido', '2024-12-05 00:00:00'),
	(26, 'Casa', 'Rua das Acácias, 678', 'Registro', 'SP', 330000.00, 190, 'Casa com jardim, varanda frontal', '2025-07-13', 1, -24.4828000, -47.8321000, 1, 'venda', 'disponivel', NULL),
	(27, 'Apartamento', 'Rua Uruguai, 901', 'Registro', 'SP', 275000.00, 75, 'Apartamento com portaria 24h', '2024-02-15', 0, -24.4848000, -47.8346000, 1, 'aluguel', 'locado', '2024-02-20 00:00:00'),
	(28, 'Terreno', 'Rua F, 234', 'Registro', 'SP', 195000.00, 700, 'Terreno 700m² (0,7 hectares), ideal para loteamento', '2025-01-26', 1, -24.4789000, -47.8256000, 1, 'venda', 'disponivel', NULL),
	(29, 'Casa', 'Rua dos Lírios, 789', 'Registro', 'SP', 370000.00, 205, 'Casa com escritório, garagem coberta', '2025-08-14', 1, -24.4817000, -47.8308000, 1, 'aluguel', 'disponivel', NULL),
	(30, 'Apartamento', 'Rua Paraguai, 012', 'Registro', 'SP', 245000.00, 68, 'Apartamento com área de lazer completa', '2025-07-10', 0, -24.4836000, -47.8330000, 1, 'venda', 'vendido', '2025-08-14 00:00:00'),
	(31, 'Terreno', 'Rua G, 345', 'Registro', 'SP', 165000.00, 550, 'Terreno 550m², com acesso pavimentado', '2025-01-28', 0, -24.4778000, -47.8243000, 1, 'venda', 'disponivel', NULL),
	(32, 'Casa', 'Rua das Orquídeas, 890', 'Registro', 'SP', 395000.00, 215, 'Casa com piscina, área gourmet', '2024-10-23', 1, -24.4806000, -47.8294000, 1, 'venda', 'disponivel', NULL),
	(33, 'Apartamento', 'Rua Bolívia, 123', 'Registro', 'SP', 255000.00, 72, 'Apartamento com varanda, vista parcial para o mar', '2024-10-31', 0, -24.4825000, -47.8317000, 1, 'aluguel', 'locado', '2024-12-09 00:00:00'),
	(34, 'Terreno', 'Rua H, 456', 'Registro', 'SP', 140000.00, 450, 'Terreno 450m², documentação em ordem', '2024-01-19', 1, -24.4767000, -47.8230000, 1, 'venda', 'vendido', '2024-02-17 00:00:00'),
	(35, 'Casa', 'Rua das Violetas, 901', 'Registro', 'SP', 315000.00, 185, 'Casa com forro de madeira, churrasqueira', '2025-02-10', 1, -24.4795000, -47.8280000, 1, 'aluguel', 'disponivel', NULL),
	(36, 'Apartamento', 'Rua Peru, 234', 'Registro', 'SP', 235000.00, 66, 'Apartamento com piso frio, iluminação led', '2024-05-14', 0, -24.4814000, -47.8303000, 1, 'venda', 'disponivel', NULL),
	(37, 'Terreno', 'Rua I, 567', 'Registro', 'SP', 175000.00, 650, 'Terreno 650m² (0,65 hectares), topografia regular', '2024-03-08', 0, -24.4756000, -47.8217000, 1, 'venda', 'disponivel', NULL),
	(38, 'Casa', 'Rua das Margaridas, 012', 'Registro', 'SP', 405000.00, 225, 'Casa com sala de estar e jantar separadas', '2025-06-29', 1, -24.4784000, -47.8266000, 1, 'aluguel', 'locado', '2025-07-29 00:00:00'),
	(39, 'Apartamento', 'Rua Equador, 345', 'Registro', 'SP', 295000.00, 80, 'Apartamento com lavanderia compartilhada', '2024-03-13', 0, -24.4803000, -47.8289000, 1, 'aluguel', 'disponivel', NULL),
	(40, 'Terreno', 'Rua J, 678', 'Registro', 'SP', 125000.00, 350, 'Terreno 350m², infraestrutura completa', '2025-07-21', 1, -24.4745000, -47.8204000, 1, 'venda', 'vendido', '2025-07-22 00:00:00'),
	(41, 'Casa', 'Rua das Azaleias, 456', 'Registro', 'SP', 355000.00, 195, 'Casa com dependência de empregada', '2024-06-13', 1, -24.4773000, -47.8252000, 1, 'venda', 'disponivel', NULL),
	(42, 'Apartamento', 'Rua Colômbia, 789', 'Registro', 'SP', 215000.00, 62, 'Apartamento com interfone, segurança 24h', '2024-12-11', 0, -24.4792000, -47.8275000, 1, 'venda', 'disponivel', NULL),
	(43, 'Terreno', 'Rua K, 890', 'Registro', 'SP', 155000.00, 500, 'Terreno 500m², próximo a escolas e comércio', '2024-01-10', 0, -24.4734000, -47.8191000, 1, 'venda', 'disponivel', NULL),
	(44, 'Casa', 'Rua das Gardênias, 123', 'Registro', 'SP', 385000.00, 210, 'Casa com piscina aquecida, área de spa', '2024-08-24', 1, -24.4762000, -47.8238000, 1, 'aluguel', 'locado', '2024-09-27 00:00:00'),
	(45, 'Apartamento', 'Rua Venezuela, 456', 'Registro', 'SP', 305000.00, 85, 'Apartamento com sacada, vista panorâmica', '2025-06-23', 0, -24.4781000, -47.8261000, 1, 'aluguel', 'disponivel', NULL),
	(46, 'Terreno', 'Rua L, 789', 'Registro', 'SP', 135000.00, 400, 'Terreno 400m², plano, sem erosões', '2024-05-27', 1, -24.4723000, -47.8178000, 1, 'venda', 'vendido', '2024-07-14 00:00:00'),
	(47, 'Casa', 'Rua das Camélias, 234', 'Registro', 'SP', 325000.00, 180, 'Casa com lareira, ambiente aconchegante', '2024-12-14', 1, -24.4751000, -47.8224000, 1, 'venda', 'disponivel', NULL),
	(48, 'Apartamento', 'Rua Guiana, 567', 'Registro', 'SP', 225000.00, 64, 'Apartamento com mobília inclusa', '2024-03-10', 0, -24.4770000, -47.8247000, 1, 'aluguel', 'disponivel', NULL),
	(49, 'Terreno', 'Rua M, 890', 'Registro', 'SP', 145000.00, 450, 'Terreno 450m², documentação digitalizada', '2025-06-14', 0, -24.4712000, -47.8165000, 1, 'venda', 'disponivel', NULL),
	(50, 'Casa', 'Rua das Hortênsias, 345', 'Registro', 'SP', 365000.00, 200, 'Casa com quintal arborizado, pomar', '2025-08-23', 1, -24.4740000, -47.8210000, 1, 'aluguel', 'locado', '2025-09-04 00:00:00'),
	(51, 'Apartamento', 'Rua Suriname, 678', 'Registro', 'SP', 285000.00, 78, 'Apartamento com armários planejados', '2024-07-03', 0, -24.4759000, -47.8233000, 1, 'venda', 'disponivel', NULL),
	(52, 'Terreno', 'Rua N, 901', 'Registro', 'SP', 115000.00, 300, 'Terreno 300m², ideal para primeira casa', '2024-12-14', 1, -24.4701000, -47.8152000, 1, 'venda', 'vendido', '2024-12-17 00:00:00'),
	(53, 'Casa', 'Rua das Begônias, 456', 'Registro', 'SP', 345000.00, 190, 'Casa com varanda coberta, rede incluída', '2025-07-27', 1, -24.4729000, -47.8196000, 1, 'venda', 'disponivel', NULL),
	(54, 'Apartamento', 'Rua Guiana Francesa, 789', 'Registro', 'SP', 195000.00, 58, 'Apartamento com vaga de garagem', '2025-08-18', 0, -24.4748000, -47.8219000, 1, 'aluguel', 'disponivel', NULL),
	(55, 'Terreno', 'Rua O, 012', 'Registro', 'SP', 165000.00, 600, 'Terreno 600m² (0,6 hectares), acesso asfaltado', '2024-01-28', 0, -24.4690000, -47.8139000, 1, 'venda', 'disponivel', NULL),
	(56, 'Casa', 'Rua das Dálias, 567', 'Registro', 'SP', 375000.00, 205, 'Casa com despensa, copa, área de serviço', '2024-07-12', 1, -24.4718000, -47.8182000, 1, 'aluguel', 'locado', '2024-08-03 00:00:00'),
	(57, 'Apartamento', 'Rua Argentina, 890', 'Registro', 'SP', 315000.00, 88, 'Apartamento com piscina adulto e infantil', '2024-09-27', 0, -24.4737000, -47.8205000, 1, 'aluguel', 'disponivel', NULL),
	(58, 'Terreno', 'Rua P, 123', 'Registro', 'SP', 105000.00, 250, 'Terreno 250m², regularizado, pronto para construir', '2024-06-07', 1, -24.4679000, -47.8126000, 1, 'venda', 'vendido', '2024-07-16 00:00:00'),
	(59, 'Casa', 'Rua das Tulipas, 678', 'Registro', 'SP', 335000.00, 185, 'Casa com forro de gesso, iluminação em led', '2025-08-19', 1, -24.4707000, -47.8168000, 1, 'venda', 'disponivel', NULL),
	(60, 'Apartamento', 'Rua Chile, 901', 'Registro', 'SP', 205000.00, 60, 'Apartamento com portaria eletrônica', '2024-02-18', 0, -24.4726000, -47.8191000, 1, 'venda', 'disponivel', NULL),
	(61, 'Terreno', 'Rua Q, 234', 'Registro', 'SP', 185000.00, 700, 'Terreno 700m² (0,7 hectares), topografia plana', '2024-10-25', 0, -24.4668000, -47.8113000, 1, 'venda', 'disponivel', NULL),
	(62, 'Casa', 'Rua das Rosas, 789', 'Registro', 'SP', 395000.00, 215, 'Casa com home office, internet fibra óptica', '2024-04-25', 1, -24.4696000, -47.8154000, 1, 'aluguel', 'locado', '2024-05-05 00:00:00'),
	(63, 'Apartamento', 'Rua Uruguai, 012', 'Registro', 'SP', 325000.00, 92, 'Apartamento com ar condicionado split', '2024-10-23', 0, -24.4715000, -47.8177000, 1, 'aluguel', 'disponivel', NULL),
	(64, 'Terreno', 'Rua R, 345', 'Registro', 'SP', 95000.00, 200, 'Terreno 200m², último lote disponível', '2025-06-07', 1, -24.4657000, -47.8100000, 1, 'venda', 'vendido', '2025-07-27 00:00:00'),
	(65, 'Casa', 'Rua dos Crisântemos, 890', 'Registro', 'SP', 365000.00, 195, 'Casa com piscina, cascata e hidromassagem', '2025-05-12', 1, -24.4685000, -47.8140000, 1, 'venda', 'disponivel', NULL),
	(66, 'Apartamento', 'Rua Paraguai, 123', 'Registro', 'SP', 215000.00, 62, 'Apartamento com varanda gourmet, churrasqueira', '2024-10-31', 0, -24.4704000, -47.8163000, 1, 'venda', 'disponivel', NULL),
	(67, 'Terreno', 'Rua S, 456', 'Registro', 'SP', 175000.00, 650, 'Terreno 650m² (0,65 hectares), divisas definidas', '2024-01-31', 0, -24.4646000, -47.8087000, 1, 'venda', 'disponivel', NULL),
	(68, 'Casa', 'Rua dos Antúrios, 901', 'Registro', 'SP', 405000.00, 220, 'Casa com sala ampla, teto alto, ventilação cruzada', '2025-04-11', 1, -24.4674000, -47.8126000, 1, 'aluguel', 'locado', '2025-05-22 00:00:00'),
	(69, 'Apartamento', 'Rua Bolívia, 234', 'Registro', 'SP', 335000.00, 95, 'Apartamento com lavanderia coletiva, espaço fitness', '2025-02-03', 0, -24.4693000, -47.8149000, 1, 'aluguel', 'disponivel', NULL),
	(70, 'Terreno', 'Rua T, 567', 'Registro', 'SP', 125000.00, 350, 'Terreno 350m², infraestrutura urbana completa', '2025-08-20', 1, -24.4635000, -47.8074000, 1, 'venda', 'vendido', '2025-09-01 00:00:00'),
	(71, 'Casa', 'Rua dos Girassóis, 012', 'Registro', 'SP', 375000.00, 200, 'Casa com área verde, pomar com frutíferas', '2025-07-14', 1, -24.4663000, -47.8112000, 1, 'venda', 'disponivel', NULL),
	(72, 'Apartamento', 'Rua Peru, 345', 'Registro', 'SP', 225000.00, 64, 'Apartamento com interfone digital, segurança 24h', '2025-01-31', 0, -24.4682000, -47.8135000, 1, 'venda', 'disponivel', NULL),
	(73, 'Terreno', 'Rua U, 678', 'Registro', 'SP', 155000.00, 550, 'Terreno 550m², localização privilegiada', '2024-10-27', 0, -24.4624000, -47.8061000, 1, 'venda', 'disponivel', NULL),
	(74, 'Casa', 'Rua das Magnólias, 456', 'Registro', 'SP', 415000.00, 230, 'Casa com suítes, closet, banheira de hidromassagem', '2024-11-09', 1, -24.4652000, -47.8098000, 1, 'aluguel', 'locado', '2024-12-11 00:00:00'),
	(75, 'Apartamento', 'Rua Equador, 789', 'Registro', 'SP', 345000.00, 98, 'Apartamento com varanda, vista para o jardim', '2024-02-20', 0, -24.4671000, -47.8121000, 1, 'aluguel', 'disponivel', NULL),
	(76, 'Terreno', 'Rua V, 890', 'Registro', 'SP', 135000.00, 400, 'Terreno 400m², documentação regularizada', '2025-06-23', 1, -24.4613000, -47.8048000, 1, 'venda', 'vendido', '2025-08-17 00:00:00'),
	(77, 'Casa', 'Rua das Alamandas, 567', 'Registro', 'SP', 385000.00, 210, 'Casa com piscina, área de festas, churrasqueira', '2024-03-31', 1, -24.4641000, -47.8084000, 1, 'venda', 'disponivel', NULL),
	(78, 'Apartamento', 'Rua Colômbia, 890', 'Registro', 'SP', 235000.00, 66, 'Apartamento com armários embutidos, piso laminado', '2024-03-02', 0, -24.4660000, -47.8107000, 1, 'venda', 'disponivel', NULL),
	(79, 'Terreno', 'Rua W, 901', 'Registro', 'SP', 165000.00, 600, 'Terreno 600m² (0,6 hectares), ideal para empreendimento', '2024-02-07', 0, -24.4602000, -47.8035000, 1, 'venda', 'disponivel', NULL),
	(80, 'Casa', 'Rua das Buganvílias, 678', 'Registro', 'SP', 425000.00, 235, 'Casa com teatro doméstico, adega climatizada', '2024-01-03', 1, -24.4630000, -47.8070000, 1, 'aluguel', 'locado', '2024-03-02 00:00:00'),
	(81, 'Apartamento', 'Rua Venezuela, 901', 'Registro', 'SP', 355000.00, 102, 'Apartamento com lavanderia individual', '2025-05-29', 0, -24.4649000, -47.8093000, 1, 'aluguel', 'disponivel', NULL),
	(82, 'Terreno', 'Rua X, 012', 'Registro', 'SP', 115000.00, 250, 'Terreno 250m², último lote do loteamento', '2024-04-18', 1, -24.4591000, -47.8022000, 1, 'venda', 'vendido', '2024-04-26 00:00:00'),
	(83, 'Casa', 'Rua das Primaveras, 789', 'Registro', 'SP', 395000.00, 215, 'Casa com escritório, biblioteca, lareira', '2024-08-15', 1, -24.4619000, -47.8056000, 1, 'venda', 'disponivel', NULL),
	(84, 'Apartamento', 'Rua Guiana, 012', 'Registro', 'SP', 245000.00, 68, 'Apartamento com área de lazer completa, piscina', '2024-07-17', 0, -24.4638000, -47.8079000, 1, 'venda', 'disponivel', NULL),
	(85, 'Terreno', 'Rua Y, 123', 'Registro', 'SP', 185000.00, 700, 'Terreno 700m² (0,7 hectares), topografia regular', '2024-11-03', 0, -24.4580000, -47.8009000, 1, 'venda', 'disponivel', NULL),
	(86, 'Casa', 'Rua dos Jasmins, 890', 'Registro', 'SP', 435000.00, 240, 'Casa com piscina infinita, deck de madeira', '2024-11-25', 1, -24.4608000, -47.8042000, 1, 'aluguel', 'locado', '2025-01-05 00:00:00'),
	(87, 'Apartamento', 'Rua Suriname, 123', 'Registro', 'SP', 365000.00, 105, 'Apartamento com varanda gourmet, churrasqueira a gás', '2024-04-22', 0, -24.4627000, -47.8065000, 1, 'aluguel', 'disponivel', NULL),
	(88, 'Terreno', 'Rua Z, 234', 'Registro', 'SP', 105000.00, 200, 'Terreno 200m², infraestrutura completa', '2024-07-05', 1, -24.4569000, -47.7996000, 1, 'venda', 'vendido', '2024-07-08 00:00:00'),
	(89, 'Casa', 'Rua das Hortênsias, 901', 'Registro', 'SP', 405000.00, 220, 'Casa com piscina, sauna, área de massagem', '2025-08-16', 1, -24.4597000, -47.8028000, 1, 'venda', 'disponivel', NULL),
	(90, 'Apartamento', 'Rua Guiana Francesa, 234', 'Registro', 'SP', 255000.00, 70, 'Apartamento com vaga de garagem coberta', '2025-07-21', 0, -24.4616000, -47.8051000, 1, 'venda', 'disponivel', NULL),
	(91, 'Terreno', 'Rua 1, 345', 'Registro', 'SP', 195000.00, 800, 'Terreno 800m² (0,8 hectares), zona de expansão urbana', '2025-03-18', 0, -24.4558000, -47.7983000, 1, 'venda', 'disponivel', NULL),
	(92, 'Casa', 'Rua das Azaleias, 012', 'Registro', 'SP', 445000.00, 250, 'Casa com quadra poliesportiva, piscina olímpica', '2025-05-25', 1, -24.4586000, -47.8014000, 1, 'aluguel', 'locado', '2025-06-06 00:00:00'),
	(93, 'Apartamento', 'Rua Argentina, 345', 'Registro', 'SP', 375000.00, 110, 'Apartamento com academia, salão de festas', '2025-09-01', 0, -24.4605000, -47.8037000, 1, 'aluguel', 'disponivel', NULL),
	(94, 'Terreno', 'Rua 2, 456', 'Registro', 'SP', 125000.00, 300, 'Terreno 300m², documentação em dia', '2024-10-16', 1, -24.4547000, -47.7970000, 1, 'venda', 'vendido', '2024-12-06 00:00:00'),
	(95, 'Casa', 'Rua das Gardênias, 123', 'Registro', 'SP', 415000.00, 225, 'Casa com home theater, adega, área gourmet', '2024-08-22', 1, -24.4575000, -47.8000000, 1, 'venda', 'disponivel', NULL),
	(96, 'Apartamento', 'Rua Chile, 456', 'Registro', 'SP', 265000.00, 72, 'Apartamento com portaria 24h, segurança monitorada', '2024-10-29', 0, -24.4594000, -47.8023000, 1, 'venda', 'disponivel', NULL),
	(97, 'Terreno', 'Rua 3, 567', 'Registro', 'SP', 175000.00, 650, 'Terreno 650m² (0,65 hectares), acesso facilitado', '2024-07-13', 0, -24.4536000, -47.7957000, 1, 'venda', 'disponivel', NULL),
	(98, 'Casa', 'Rua das Camélias, 234', 'Registro', 'SP', 455000.00, 260, 'Casa com piscina, cascata, riacho artificial', '2024-03-06', 1, -24.4564000, -47.7986000, 1, 'aluguel', 'locado', '2024-04-11 00:00:00'),
	(99, 'Apartamento', 'Rua Uruguai, 567', 'Registro', 'SP', 385000.00, 115, 'Apartamento com ar condicionado central', '2024-12-22', 0, -24.4583000, -47.8009000, 1, 'aluguel', 'disponivel', NULL),
	(100, 'Terreno', 'Rua 4, 678', 'Registro', 'SP', 135000.00, 350, 'Terreno 350m², infraestrutura completa', '2024-12-23', 1, -24.4525000, -47.7944000, 1, 'venda', 'vendido', '2025-01-20 00:00:00'),
	(101, 'Casa', 'Rua das Begônias, 345', 'Registro', 'SP', 425000.00, 230, 'Casa com piscina, ofurô, área spa', '2024-04-15', 1, -24.4553000, -47.7972000, 1, 'venda', 'disponivel', NULL),
	(102, 'Apartamento', 'Rua Paraguai, 678', 'Registro', 'SP', 275000.00, 74, 'Apartamento com mobília de alta qualidade', '2024-03-08', 0, -24.4572000, -47.7995000, 1, 'venda', 'disponivel', NULL),
	(103, 'Terreno', 'Rua 5, 789', 'Registro', 'SP', 185000.00, 750, 'Terreno 750m² (0,75 hectares), potencial comercial', '2024-01-24', 0, -24.4514000, -47.7931000, 1, 'venda', 'disponivel', NULL),
	(104, 'Casa', 'Rua das Dálias, 456', 'Registro', 'SP', 465000.00, 270, 'Casa com quadra de tênis, campo de futebol', '2025-06-12', 1, -24.4542000, -47.7958000, 1, 'aluguel', 'locado', '2025-07-13 00:00:00'),
	(105, 'Apartamento', 'Rua Bolívia, 789', 'Registro', 'SP', 395000.00, 120, 'Apartamento com lavanderia coletiva, espaço kids', '2024-04-24', 0, -24.4561000, -47.7981000, 1, 'aluguel', 'disponivel', NULL),
	(106, 'Terreno', 'Rua 6, 890', 'Registro', 'SP', 145000.00, 400, 'Terreno 400m², documentação digitalizada', '2024-08-04', 1, -24.4503000, -47.7918000, 1, 'venda', 'vendido', '2024-08-15 00:00:00'),
	(107, 'Casa', 'Rua das Tulipas, 567', 'Registro', 'SP', 435000.00, 235, 'Casa com piscina, cascata, iluminação noturna', '2024-05-04', 1, -24.4531000, -47.7944000, 1, 'venda', 'disponivel', NULL),
	(108, 'Apartamento', 'Rua Peru, 890', 'Registro', 'SP', 285000.00, 76, 'Apartamento com interfone digital, câmeras de segurança', '2025-08-09', 0, -24.4550000, -47.7967000, 1, 'venda', 'disponivel', NULL),
	(109, 'Terreno', 'Rua 7, 901', 'Registro', 'SP', 195000.00, 850, 'Terreno 850m² (0,85 hectares), zona mista', '2024-04-11', 0, -24.4492000, -47.7905000, 1, 'venda', 'indisponivel', '2025-09-07 18:16:54'),
	(110, 'Apartamento', 'Rua Venezuela, 456', 'Registro', 'SP', 358800.00, 100, 'Apartamento com sacada, vista panorâmica, área ampla de 100m², acabamentos de alta qualidade', '2025-08-13', 0, -24.4781000, -47.8261000, 1, 'aluguel', 'disponivel', NULL);
/*!40000 ALTER TABLE `imoveis` ENABLE KEYS */;

-- Copiando estrutura para tabela lp_imobiliaria.publicidade
CREATE TABLE IF NOT EXISTS `publicidade` (
  `id` int(11) NOT NULL AUTO_INCREMENT,
  `titulo` varchar(100) DEFAULT NULL,
  `conteudo` text DEFAULT NULL,
  `url_imagem` varchar(255) DEFAULT NULL,
  `usuario_id` int(11) DEFAULT NULL,
  `ativo` tinyint(1) NOT NULL DEFAULT 1 COMMENT '0 = inativo, 1 = ativo',
  PRIMARY KEY (`id`),
  KEY `usuario_id` (`usuario_id`),
  CONSTRAINT `publicidade_ibfk_1` FOREIGN KEY (`usuario_id`) REFERENCES `usuario` (`id`)
) ENGINE=InnoDB AUTO_INCREMENT=26 DEFAULT CHARSET=utf8mb4 COLLATE=utf8mb4_general_ci;

-- Copiando dados para a tabela lp_imobiliaria.publicidade: ~5 rows (aproximadamente)
DELETE FROM `publicidade`;
/*!40000 ALTER TABLE `publicidade` DISABLE KEYS */;
INSERT INTO `publicidade` (`id`, `titulo`, `conteudo`, `url_imagem`, `usuario_id`, `ativo`) VALUES
	(21, 'Calhas Silveira!', 'O melhor calheiro da cidade de Registro!', '389bba8366270c959834284c73c52f6b.png', 1, 1),
	(22, 'Limpeza Pós-Obra - LimpMax', 'Serviço especializado de limpeza após reformas e construções', 'e4dbfa108b7f3c0b82ffe937501d9dcc.png', 1, 1),
	(23, 'Jardins e Paisagismo - VerdeVivo', 'Criação e manutenção de jardins residenciais', '9bfb7c277bda7764bad9de1a98de79d2.png', 1, 0),
	(24, 'Elétrica Residencial - EletroSafe', 'Instalações e reparos elétricos com garantia', '785a6f50ac49ffdf1d8f24ced4c7b8e9.jpg', 1, 0),
	(25, 'Segurança Eletrônica Completa', 'Sistemas completos de segurança eletrônica para condomínios, residências e empresas. Instalação de câmeras de alta definição com visão noturna, sistemas de alarme monitorado 24h, cercas elétricas, controle de acesso por biometria e fechaduras eletrônicas. Nossos sistemas possuem conectividade com aplicativos mobile para monitoramento remoto, gravação em nuvem e alertas instantâneos. Equipe técnica especializada e manutenção preventiva. Oferecemos pacotes personalizados conforme sua necessidade e orçamento. Entre em contato para uma avaliação gratuita e garanta a segurança do seu patrimônio!', 'f89c735071f460e2f844a56836e63c17.jpg', 1, 1);
/*!40000 ALTER TABLE `publicidade` ENABLE KEYS */;

-- Copiando estrutura para tabela lp_imobiliaria.recomendacao_imovel
CREATE TABLE IF NOT EXISTS `recomendacao_imovel` (
  `id` int(11) NOT NULL AUTO_INCREMENT,
  `usuario_id` int(11) DEFAULT NULL,
  `imovel_id` int(11) DEFAULT NULL,
  `data_visita` date DEFAULT NULL,
  PRIMARY KEY (`id`),
  KEY `usuario_id` (`usuario_id`),
  KEY `imovel_id` (`imovel_id`),
  CONSTRAINT `recomendacao_imovel_ibfk_1` FOREIGN KEY (`usuario_id`) REFERENCES `usuario` (`id`),
  CONSTRAINT `recomendacao_imovel_ibfk_2` FOREIGN KEY (`imovel_id`) REFERENCES `imoveis` (`id`)
) ENGINE=InnoDB AUTO_INCREMENT=9751 DEFAULT CHARSET=utf8mb4 COLLATE=utf8mb4_general_ci;

-- Copiando dados para a tabela lp_imobiliaria.recomendacao_imovel: ~401 rows (aproximadamente)
DELETE FROM `recomendacao_imovel`;
/*!40000 ALTER TABLE `recomendacao_imovel` DISABLE KEYS */;
INSERT INTO `recomendacao_imovel` (`id`, `usuario_id`, `imovel_id`, `data_visita`) VALUES
	(9239, 2, 12, '2025-03-29'),
	(9240, 2, 15, '2025-08-21'),
	(9241, 2, 20, '2024-08-25'),
	(9242, 2, 18, '2024-09-21'),
	(9243, 2, 22, '2024-10-16'),
	(9244, 2, 17, '2025-07-21'),
	(9245, 2, 31, '2025-08-04'),
	(9246, 2, 30, '2025-07-29'),
	(9247, 2, 26, '2025-08-09'),
	(9248, 2, 19, '2025-02-13'),
	(9249, 2, 37, '2025-02-15'),
	(9250, 2, 44, '2025-02-19'),
	(9251, 2, 35, '2025-02-22'),
	(9252, 2, 38, '2025-08-12'),
	(9253, 2, 29, '2025-08-19'),
	(9254, 2, 43, '2025-03-01'),
	(9255, 2, 11, '2025-03-06'),
	(9256, 2, 13, '2025-07-15'),
	(9257, 2, 32, '2025-03-28'),
	(9258, 2, 33, '2025-04-03'),
	(9259, 2, 46, '2025-04-05'),
	(9260, 2, 51, '2025-04-10'),
	(9261, 2, 21, '2025-04-21'),
	(9262, 2, 25, '2025-04-30'),
	(9263, 2, 23, '2025-05-03'),
	(9264, 2, 39, '2025-05-11'),
	(9265, 2, 42, '2025-05-23'),
	(9266, 2, 47, '2025-05-24'),
	(9267, 2, 36, '2025-05-26'),
	(9268, 2, 58, '2025-05-28'),
	(9269, 2, 49, '2025-08-25'),
	(9270, 2, 14, '2025-05-31'),
	(9271, 2, 59, '2025-09-06'),
	(9272, 2, 60, '2025-06-07'),
	(9273, 2, 50, '2025-08-27'),
	(9274, 2, 61, '2025-06-17'),
	(9275, 2, 48, '2025-06-17'),
	(9276, 2, 53, '2025-08-20'),
	(9277, 2, 54, '2025-08-27'),
	(9278, 2, 62, '2025-07-12'),
	(9279, 2, 65, '2025-07-13'),
	(9280, 2, 63, '2025-07-13'),
	(9281, 2, 2, '2025-07-19'),
	(9282, 2, 56, '2025-07-22'),
	(9283, 2, 16, '2025-07-26'),
	(9284, 2, 64, '2025-07-26'),
	(9285, 2, 28, '2025-07-29'),
	(9286, 2, 41, '2025-07-30'),
	(9287, 2, 5, '2025-08-01'),
	(9288, 2, 66, '2025-08-05'),
	(9289, 2, 8, '2025-08-07'),
	(9290, 2, 24, '2025-08-07'),
	(9291, 2, 68, '2025-08-07'),
	(9292, 2, 40, '2025-08-08'),
	(9293, 2, 55, '2025-08-09'),
	(9294, 2, 4, '2025-08-11'),
	(9295, 2, 69, '2025-08-11'),
	(9296, 2, 45, '2025-08-12'),
	(9297, 2, 57, '2025-08-14'),
	(9298, 2, 70, '2025-08-23'),
	(9299, 2, 34, '2025-08-18'),
	(9300, 2, 9, '2025-08-23'),
	(9301, 2, 67, '2025-08-23'),
	(9302, 2, 10, '2025-08-26'),
	(9303, 2, 52, '2025-08-27'),
	(9304, 2, 7, '2025-08-27'),
	(9305, 2, 6, '2025-08-30'),
	(9306, 2, 71, '2025-09-01'),
	(9307, 2, 1, '2025-09-02'),
	(9308, 2, 72, '2025-09-02'),
	(9309, 2, 73, '2025-09-02'),
	(9310, 2, 3, '2025-09-04'),
	(9311, 2, 27, '2025-09-07'),
	(9312, 2, 74, '2024-11-09'),
	(9313, 2, 75, '2025-03-06'),
	(9314, 2, 80, '2025-08-23'),
	(9315, 2, 101, '2025-05-12'),
	(9316, 2, 88, '2025-01-11'),
	(9317, 2, 76, '2025-08-21'),
	(9318, 2, 79, '2025-07-27'),
	(9319, 2, 92, '2025-09-05'),
	(9320, 2, 78, '2025-01-09'),
	(9321, 2, 105, '2025-04-24'),
	(9322, 2, 77, '2024-11-07'),
	(9323, 2, 82, '2024-06-23'),
	(9324, 2, 83, '2025-08-14'),
	(9325, 2, 85, '2024-12-15'),
	(9326, 2, 89, '2025-08-30'),
	(9327, 2, 81, '2025-06-07'),
	(9328, 2, 97, '2025-08-26'),
	(9329, 2, 84, '2025-03-05'),
	(9330, 2, 86, '2025-08-15'),
	(9331, 2, 95, '2025-06-11'),
	(9332, 2, 94, '2025-05-15'),
	(9333, 2, 87, '2024-05-25'),
	(9334, 2, 100, '2025-02-08'),
	(9335, 2, 98, '2025-01-16'),
	(9336, 2, 90, '2025-08-01'),
	(9337, 2, 106, '2025-03-13'),
	(9338, 2, 93, '2025-09-03'),
	(9339, 2, 91, '2025-07-18'),
	(9340, 2, 102, '2025-02-14'),
	(9341, 2, 108, '2025-08-31'),
	(9342, 2, 99, '2025-07-19'),
	(9343, 2, 96, '2024-12-06'),
	(9344, 2, 103, '2024-08-19'),
	(9345, 2, 109, '2024-09-08'),
	(9346, 2, 104, '2025-07-07'),
	(9347, 2, 107, '2025-04-23'),
	(9348, 4, 12, '2025-02-17'),
	(9349, 4, 15, '2025-09-04'),
	(9350, 4, 20, '2024-08-25'),
	(9351, 4, 18, '2024-09-21'),
	(9352, 4, 22, '2024-10-16'),
	(9353, 4, 17, '2025-04-15'),
	(9354, 4, 31, '2025-02-26'),
	(9355, 4, 30, '2025-07-29'),
	(9356, 4, 26, '2025-08-08'),
	(9357, 4, 19, '2025-02-13'),
	(9358, 4, 37, '2025-02-15'),
	(9359, 4, 44, '2025-02-19'),
	(9360, 4, 35, '2025-02-22'),
	(9361, 4, 38, '2025-08-08'),
	(9362, 4, 29, '2025-08-19'),
	(9363, 4, 43, '2025-03-01'),
	(9364, 4, 11, '2025-03-06'),
	(9365, 4, 13, '2025-07-23'),
	(9366, 4, 32, '2025-03-28'),
	(9367, 4, 33, '2025-04-03'),
	(9368, 4, 46, '2025-04-05'),
	(9369, 4, 51, '2025-04-10'),
	(9370, 4, 21, '2025-04-21'),
	(9371, 4, 25, '2025-04-30'),
	(9372, 4, 23, '2025-05-03'),
	(9373, 4, 39, '2025-05-11'),
	(9374, 4, 42, '2025-05-23'),
	(9375, 4, 47, '2025-05-24'),
	(9376, 4, 36, '2025-05-26'),
	(9377, 4, 58, '2025-05-28'),
	(9378, 4, 49, '2025-08-19'),
	(9379, 4, 14, '2025-05-31'),
	(9380, 4, 59, '2025-08-30'),
	(9381, 4, 60, '2025-06-07'),
	(9382, 4, 50, '2025-08-24'),
	(9383, 4, 61, '2025-06-17'),
	(9384, 4, 48, '2025-06-17'),
	(9385, 4, 53, '2025-08-21'),
	(9386, 4, 54, '2025-08-23'),
	(9387, 4, 62, '2025-07-12'),
	(9388, 4, 65, '2025-07-13'),
	(9389, 4, 63, '2025-07-13'),
	(9390, 4, 2, '2025-07-19'),
	(9391, 4, 56, '2025-07-22'),
	(9392, 4, 16, '2025-07-26'),
	(9393, 4, 64, '2025-07-26'),
	(9394, 4, 28, '2025-07-29'),
	(9395, 4, 41, '2025-07-30'),
	(9396, 4, 5, '2025-08-01'),
	(9397, 4, 66, '2025-08-05'),
	(9398, 4, 8, '2025-08-07'),
	(9399, 4, 24, '2025-08-07'),
	(9400, 4, 68, '2025-08-07'),
	(9401, 4, 40, '2025-08-08'),
	(9402, 4, 55, '2025-08-09'),
	(9403, 4, 4, '2025-08-11'),
	(9404, 4, 69, '2025-08-11'),
	(9405, 4, 45, '2025-08-12'),
	(9406, 4, 57, '2025-08-14'),
	(9407, 4, 70, '2025-08-25'),
	(9408, 4, 34, '2025-08-18'),
	(9409, 4, 9, '2025-08-23'),
	(9410, 4, 67, '2025-08-23'),
	(9411, 4, 10, '2025-08-26'),
	(9412, 4, 52, '2025-08-27'),
	(9413, 4, 7, '2025-08-27'),
	(9414, 4, 6, '2025-08-30'),
	(9415, 4, 71, '2025-09-01'),
	(9416, 4, 1, '2025-09-02'),
	(9417, 4, 72, '2025-09-02'),
	(9418, 4, 73, '2025-09-02'),
	(9419, 4, 3, '2025-09-04'),
	(9420, 4, 27, '2025-09-07'),
	(9421, 4, 74, '2025-04-05'),
	(9422, 4, 75, '2024-04-08'),
	(9423, 4, 80, '2024-11-25'),
	(9424, 4, 101, '2024-09-05'),
	(9425, 4, 88, '2025-04-09'),
	(9426, 4, 76, '2025-08-14'),
	(9427, 4, 79, '2024-08-06'),
	(9428, 4, 92, '2025-07-07'),
	(9429, 4, 78, '2024-10-25'),
	(9430, 4, 105, '2025-05-04'),
	(9431, 4, 77, '2025-05-31'),
	(9432, 4, 82, '2025-04-19'),
	(9433, 4, 83, '2024-08-26'),
	(9434, 4, 85, '2025-06-28'),
	(9435, 4, 89, '2025-08-25'),
	(9436, 4, 81, '2025-06-23'),
	(9437, 4, 97, '2024-09-11'),
	(9438, 4, 84, '2025-06-13'),
	(9439, 4, 86, '2025-02-09'),
	(9440, 4, 95, '2025-05-20'),
	(9441, 4, 94, '2025-08-15'),
	(9442, 4, 87, '2025-02-23'),
	(9443, 4, 100, '2025-05-30'),
	(9444, 4, 98, '2024-11-22'),
	(9445, 4, 90, '2025-08-04'),
	(9446, 4, 106, '2024-09-10'),
	(9447, 4, 93, '2025-09-04'),
	(9448, 4, 91, '2025-05-24'),
	(9449, 4, 102, '2025-06-18'),
	(9450, 4, 108, '2025-08-15'),
	(9451, 4, 99, '2025-01-18'),
	(9452, 4, 96, '2025-07-23'),
	(9453, 4, 103, '2025-01-23'),
	(9454, 4, 109, '2024-05-27'),
	(9455, 4, 104, '2025-07-13'),
	(9456, 4, 107, '2024-08-14'),
	(9457, 5, 12, '2025-08-04'),
	(9458, 5, 15, '2025-08-29'),
	(9459, 5, 20, '2024-08-25'),
	(9460, 5, 18, '2024-09-21'),
	(9461, 5, 22, '2024-10-16'),
	(9462, 5, 17, '2025-06-29'),
	(9463, 5, 31, '2025-02-23'),
	(9464, 5, 30, '2025-08-18'),
	(9465, 5, 26, '2025-08-31'),
	(9466, 5, 19, '2025-02-13'),
	(9467, 5, 37, '2025-02-15'),
	(9468, 5, 44, '2025-02-19'),
	(9469, 5, 35, '2025-02-22'),
	(9470, 5, 38, '2025-09-05'),
	(9471, 5, 29, '2025-08-25'),
	(9472, 5, 43, '2025-03-01'),
	(9473, 5, 11, '2025-03-06'),
	(9474, 5, 13, '2025-07-04'),
	(9475, 5, 32, '2025-03-28'),
	(9476, 5, 33, '2025-04-03'),
	(9477, 5, 46, '2025-04-05'),
	(9478, 5, 51, '2025-04-10'),
	(9479, 5, 21, '2025-04-21'),
	(9480, 5, 25, '2025-04-30'),
	(9481, 5, 23, '2025-05-03'),
	(9482, 5, 39, '2025-05-11'),
	(9483, 5, 42, '2025-05-23'),
	(9484, 5, 47, '2025-05-24'),
	(9485, 5, 36, '2025-05-26'),
	(9486, 5, 58, '2025-05-28'),
	(9487, 5, 49, '2025-07-15'),
	(9488, 5, 14, '2025-05-31'),
	(9489, 5, 59, '2025-08-22'),
	(9490, 5, 60, '2025-06-07'),
	(9491, 5, 50, '2025-08-31'),
	(9492, 5, 61, '2025-06-17'),
	(9493, 5, 48, '2025-06-17'),
	(9494, 5, 53, '2025-08-08'),
	(9495, 5, 54, '2025-08-19'),
	(9496, 5, 62, '2025-07-12'),
	(9497, 5, 65, '2025-07-13'),
	(9498, 5, 63, '2025-07-13'),
	(9499, 5, 2, '2025-07-19'),
	(9500, 5, 56, '2025-07-22'),
	(9501, 5, 16, '2025-07-26'),
	(9502, 5, 64, '2025-07-26'),
	(9503, 5, 28, '2025-07-29'),
	(9504, 5, 41, '2025-07-30'),
	(9505, 5, 5, '2025-08-01'),
	(9506, 5, 66, '2025-08-05'),
	(9507, 5, 8, '2025-08-07'),
	(9508, 5, 24, '2025-08-07'),
	(9509, 5, 68, '2025-08-07'),
	(9510, 5, 40, '2025-08-08'),
	(9511, 5, 55, '2025-08-09'),
	(9512, 5, 4, '2025-08-11'),
	(9513, 5, 69, '2025-08-11'),
	(9514, 5, 45, '2025-08-12'),
	(9515, 5, 57, '2025-08-14'),
	(9516, 5, 70, '2025-09-02'),
	(9517, 5, 34, '2025-08-18'),
	(9518, 5, 67, '2025-08-23'),
	(9519, 5, 9, '2025-08-23'),
	(9520, 5, 10, '2025-08-26'),
	(9521, 5, 52, '2025-08-27'),
	(9522, 5, 7, '2025-08-27'),
	(9523, 5, 6, '2025-08-30'),
	(9524, 5, 71, '2025-09-01'),
	(9525, 5, 1, '2025-09-02'),
	(9526, 5, 72, '2025-09-02'),
	(9527, 5, 73, '2025-09-02'),
	(9528, 5, 3, '2025-09-04'),
	(9529, 5, 27, '2025-09-07'),
	(9530, 5, 74, '2025-03-17'),
	(9531, 5, 75, '2024-10-07'),
	(9532, 5, 80, '2025-03-31'),
	(9533, 5, 101, '2024-06-01'),
	(9534, 5, 88, '2025-08-02'),
	(9535, 5, 76, '2025-06-30'),
	(9536, 5, 79, '2025-05-04'),
	(9537, 5, 92, '2025-06-06'),
	(9538, 5, 78, '2024-11-02'),
	(9539, 5, 105, '2025-01-30'),
	(9540, 5, 77, '2025-05-25'),
	(9541, 5, 82, '2024-08-08'),
	(9542, 5, 83, '2024-12-20'),
	(9543, 5, 85, '2025-03-20'),
	(9544, 5, 89, '2025-08-23'),
	(9545, 5, 81, '2025-09-04'),
	(9546, 5, 97, '2025-06-15'),
	(9547, 5, 84, '2024-11-20'),
	(9548, 5, 86, '2025-05-08'),
	(9549, 5, 95, '2024-11-26'),
	(9550, 5, 94, '2025-06-05'),
	(9551, 5, 87, '2025-06-26'),
	(9552, 5, 100, '2025-05-06'),
	(9553, 5, 98, '2025-02-24'),
	(9554, 5, 90, '2025-08-24'),
	(9555, 5, 106, '2025-06-19'),
	(9556, 5, 93, '2025-09-03'),
	(9557, 5, 91, '2025-08-08'),
	(9558, 5, 102, '2024-10-03'),
	(9559, 5, 108, '2025-08-31'),
	(9560, 5, 99, '2025-01-16'),
	(9561, 5, 96, '2025-08-09'),
	(9562, 5, 103, '2024-02-09'),
	(9563, 5, 109, '2025-01-29'),
	(9564, 5, 104, '2025-09-04'),
	(9565, 5, 107, '2025-07-10'),
	(9566, 6, 12, '2025-07-18'),
	(9567, 6, 15, '2025-08-27'),
	(9568, 6, 20, '2024-08-25'),
	(9569, 6, 18, '2024-09-21'),
	(9570, 6, 22, '2024-10-16'),
	(9571, 6, 17, '2025-03-21'),
	(9572, 6, 31, '2025-03-13'),
	(9573, 6, 30, '2025-07-31'),
	(9574, 6, 26, '2025-09-05'),
	(9575, 6, 19, '2025-02-13'),
	(9576, 6, 37, '2025-02-15'),
	(9577, 6, 44, '2025-02-19'),
	(9578, 6, 35, '2025-02-22'),
	(9579, 6, 38, '2025-07-09'),
	(9580, 6, 29, '2025-09-01'),
	(9581, 6, 43, '2025-03-01'),
	(9582, 6, 11, '2025-03-06'),
	(9583, 6, 13, '2025-08-20'),
	(9584, 6, 32, '2025-03-28'),
	(9585, 6, 33, '2025-04-03'),
	(9586, 6, 46, '2025-04-05'),
	(9587, 6, 51, '2025-04-10'),
	(9588, 6, 21, '2025-04-21'),
	(9589, 6, 25, '2025-04-30'),
	(9590, 6, 23, '2025-05-03'),
	(9591, 6, 39, '2025-05-11'),
	(9592, 6, 42, '2025-05-23'),
	(9593, 6, 47, '2025-05-24'),
	(9594, 6, 36, '2025-05-26'),
	(9595, 6, 58, '2025-05-28'),
	(9596, 6, 49, '2025-07-24'),
	(9597, 6, 14, '2025-05-31'),
	(9598, 6, 59, '2025-09-05'),
	(9599, 6, 60, '2025-06-07'),
	(9600, 6, 50, '2025-08-29'),
	(9601, 6, 61, '2025-06-17'),
	(9602, 6, 48, '2025-06-17'),
	(9603, 6, 53, '2025-08-24'),
	(9604, 6, 54, '2025-08-26'),
	(9605, 6, 62, '2025-07-12'),
	(9606, 6, 65, '2025-07-13'),
	(9607, 6, 63, '2025-07-13'),
	(9608, 6, 2, '2025-07-19'),
	(9609, 6, 56, '2025-07-22'),
	(9610, 6, 16, '2025-07-26'),
	(9611, 6, 64, '2025-07-26'),
	(9612, 6, 28, '2025-07-29'),
	(9613, 6, 41, '2025-07-30'),
	(9614, 6, 5, '2025-08-01'),
	(9615, 6, 66, '2025-08-05'),
	(9616, 6, 8, '2025-08-07'),
	(9617, 6, 24, '2025-08-07'),
	(9618, 6, 68, '2025-08-07'),
	(9619, 6, 40, '2025-08-08'),
	(9620, 6, 55, '2025-08-09'),
	(9621, 6, 4, '2025-08-11'),
	(9622, 6, 69, '2025-08-11'),
	(9623, 6, 45, '2025-08-12'),
	(9624, 6, 57, '2025-08-14'),
	(9625, 6, 70, '2025-09-04'),
	(9626, 6, 34, '2025-08-18'),
	(9627, 6, 67, '2025-08-23'),
	(9628, 6, 9, '2025-08-23'),
	(9629, 6, 10, '2025-08-26'),
	(9630, 6, 52, '2025-08-27'),
	(9631, 6, 7, '2025-08-27'),
	(9632, 6, 6, '2025-08-30'),
	(9633, 6, 71, '2025-09-01'),
	(9634, 6, 1, '2025-09-02'),
	(9635, 6, 72, '2025-09-02'),
	(9636, 6, 73, '2025-09-02'),
	(9637, 6, 3, '2025-09-04'),
	(9638, 6, 27, '2025-09-07'),
	(9750, 1, 2, '2025-03-03');
/*!40000 ALTER TABLE `recomendacao_imovel` ENABLE KEYS */;

-- Copiando estrutura para tabela lp_imobiliaria.terreno
CREATE TABLE IF NOT EXISTS `terreno` (
  `id` int(11) NOT NULL AUTO_INCREMENT,
  `imovel_id` int(11) DEFAULT NULL,
  PRIMARY KEY (`id`),
  KEY `imovel_id` (`imovel_id`),
  CONSTRAINT `terreno_ibfk_1` FOREIGN KEY (`imovel_id`) REFERENCES `imoveis` (`id`)
) ENGINE=InnoDB AUTO_INCREMENT=74 DEFAULT CHARSET=utf8mb4 COLLATE=utf8mb4_general_ci;

-- Copiando dados para a tabela lp_imobiliaria.terreno: ~46 rows (aproximadamente)
DELETE FROM `terreno`;
/*!40000 ALTER TABLE `terreno` DISABLE KEYS */;
INSERT INTO `terreno` (`id`, `imovel_id`) VALUES
	(7, 1),
	(4, 2),
	(1, 3),
	(11, 3),
	(8, 4),
	(5, 5),
	(2, 6),
	(12, 6),
	(9, 7),
	(6, 8),
	(3, 9),
	(13, 9),
	(10, 10),
	(14, 13),
	(15, 16),
	(16, 19),
	(17, 22),
	(18, 25),
	(19, 28),
	(20, 31),
	(21, 34),
	(22, 37),
	(23, 40),
	(24, 43),
	(25, 46),
	(26, 49),
	(27, 52),
	(28, 55),
	(29, 58),
	(30, 61),
	(31, 64),
	(32, 67),
	(33, 70),
	(34, 73),
	(35, 76),
	(36, 79),
	(37, 82),
	(38, 85),
	(39, 88),
	(40, 91),
	(41, 94),
	(42, 97),
	(43, 100),
	(44, 103),
	(45, 106),
	(46, 109);
/*!40000 ALTER TABLE `terreno` ENABLE KEYS */;

-- Copiando estrutura para tabela lp_imobiliaria.usuario
CREATE TABLE IF NOT EXISTS `usuario` (
  `id` int(11) NOT NULL AUTO_INCREMENT,
  `nome` varchar(100) DEFAULT NULL,
  `email` varchar(100) DEFAULT NULL,
  `senha` varchar(255) DEFAULT NULL,
  `celular` varchar(20) DEFAULT NULL,
  `nivel` tinyint(1) NOT NULL DEFAULT 1 COMMENT '0 = administrador, 1 = visitante',
  PRIMARY KEY (`id`),
  UNIQUE KEY `email` (`email`)
) ENGINE=InnoDB AUTO_INCREMENT=11 DEFAULT CHARSET=utf8mb4 COLLATE=utf8mb4_general_ci;

-- Copiando dados para a tabela lp_imobiliaria.usuario: ~10 rows (aproximadamente)
DELETE FROM `usuario`;
/*!40000 ALTER TABLE `usuario` DISABLE KEYS */;
INSERT INTO `usuario` (`id`, `nome`, `email`, `senha`, `celular`, `nivel`) VALUES
	(1, 'admin', 'admin@email.com', 'admin', '11999990001', 0),
	(2, 'Bruno Costa', 'bruno@email.com', 'senha2', '11999990002', 1),
	(3, 'Carlos Souza', 'carlos@email.com', 'senha3', '11999990003', 1),
	(4, 'Daniela Lima', 'daniela@email.com', 'senha4', '11999990004', 1),
	(5, 'Eduardo Alves', 'eduardo@email.com', 'senha5', '11999990005', 1),
	(6, 'Fernanda Rocha', 'fernanda@email.com', 'senha6', '11999990006', 1),
	(7, 'Gabriel Pinto', 'gabriel@email.com', 'senha7', '11999990007', 1),
	(8, 'Helena Dias', 'helena@email.com', 'senha8', '11999990008', 1),
	(9, 'Igor Martins', 'igor@email.com', 'senha9', '11999990009', 1),
	(10, 'Juliana Melo', 'juliana@email.com', 'senha10', '11999990010', 1);
/*!40000 ALTER TABLE `usuario` ENABLE KEYS */;

-- Copiando estrutura para trigger lp_imobiliaria.trigger_on_update_status_imoveis
DELIMITER //
CREATE TRIGGER trigger_on_update_status_imoveis
BEFORE UPDATE ON imoveis
FOR EACH ROW
BEGIN
	IF NEW.status <> OLD.status THEN
		SET NEW.data_update_status = CONVERT_TZ(UTC_TIMESTAMP(), 'UTC', 'America/Sao_Paulo');
	END IF;
END//
DELIMITER ;

/*!40101 SET SQL_MODE=IFNULL(@OLD_SQL_MODE, '') */;
/*!40014 SET FOREIGN_KEY_CHECKS=IFNULL(@OLD_FOREIGN_KEY_CHECKS, 1) */;
/*!40101 SET CHARACTER_SET_CLIENT=@OLD_CHARACTER_SET_CLIENT */;
/*!40111 SET SQL_NOTES=IFNULL(@OLD_SQL_NOTES, 1) */;
